invoice_no,stock_code,description,quantity,invoice_date,unit_price,customer_id,country
536414,22139,Unknown product,56,2010-12-01 11:52:00,0.0,,United Kingdom
536545,21134,Unknown product,1,2010-12-01 14:32:00,0.0,,United Kingdom
536546,22145,Unknown product,1,2010-12-01 14:33:00,0.0,,United Kingdom
536547,37509,Unknown product,1,2010-12-01 14:33:00,0.0,,United Kingdom
536549,85226A,Unknown product,1,2010-12-01 14:34:00,0.0,,United Kingdom
536550,85044,Unknown product,1,2010-12-01 14:34:00,0.0,,United Kingdom
536552,20950,Unknown product,1,2010-12-01 14:34:00,0.0,,United Kingdom
536553,37461,Unknown product,3,2010-12-01 14:35:00,0.0,,United Kingdom
536554,84670,Unknown product,23,2010-12-01 14:35:00,0.0,,United Kingdom
536589,21777,Unknown product,-10,2010-12-01 16:50:00,0.0,,United Kingdom
536764,84952C,Unknown product,-38,2010-12-02 14:42:00,0.0,,United Kingdom
536765,84952C,Unknown product,19,2010-12-02 14:43:00,0.0,,United Kingdom
536941,22734,amazon,20,2010-12-03 12:08:00,0.0,,United Kingdom
536942,22139,amazon,15,2010-12-03 12:08:00,0.0,,United Kingdom
536995,35951,Unknown product,57,2010-12-03 15:29:00,0.0,,United Kingdom
536996,22712,Unknown product,-20,2010-12-03 15:30:00,0.0,,United Kingdom
536997,22028,Unknown product,-20,2010-12-03 15:30:00,0.0,,United Kingdom
536998,85067,Unknown product,-6,2010-12-03 15:30:00,0.0,,United Kingdom
536999,21421,Unknown product,110,2010-12-03 15:32:00,0.0,,United Kingdom
537000,21414,Unknown product,-22,2010-12-03 15:32:00,0.0,,United Kingdom
537001,21653,Unknown product,-6,2010-12-03 15:33:00,0.0,,United Kingdom
537002,21651,Unknown product,70,2010-12-03 15:33:00,0.0,,United Kingdom
537003,85126,Unknown product,-2,2010-12-03 15:33:00,0.0,,United Kingdom
537004,21814,Unknown product,-30,2010-12-03 15:34:00,0.0,,United Kingdom
537005,21692,Unknown product,-70,2010-12-03 15:35:00,0.0,,United Kingdom
537006,21648,Unknown product,-130,2010-12-03 15:36:00,0.0,,United Kingdom
537007,21172,Unknown product,-80,2010-12-03 15:36:00,0.0,,United Kingdom
537008,21161,Unknown product,-120,2010-12-03 15:37:00,0.0,,United Kingdom
537009,84534B,Unknown product,-80,2010-12-03 15:38:00,0.0,,United Kingdom
537010,22162,Unknown product,-40,2010-12-03 15:38:00,0.0,,United Kingdom
537011,22139,Unknown product,-5,2010-12-03 15:38:00,0.0,,United Kingdom
537012,21535,Unknown product,-12,2010-12-03 15:39:00,0.0,,United Kingdom
537013,35965,Unknown product,-25,2010-12-03 15:40:00,0.0,,United Kingdom
537014,21040,Unknown product,-20,2010-12-03 15:40:00,0.0,,United Kingdom
537015,37464,Unknown product,-14,2010-12-03 15:41:00,0.0,,United Kingdom
537016,21836,Unknown product,-15,2010-12-03 15:41:00,0.0,,United Kingdom
537017,47556B,Unknown product,-69,2010-12-03 15:41:00,0.0,,United Kingdom
537018,84562A,Unknown product,-3,2010-12-03 15:42:00,0.0,,United Kingdom
537019,37474,Unknown product,-15,2010-12-03 15:43:00,0.0,,United Kingdom
537020,21807,Unknown product,-30,2010-12-03 15:43:00,0.0,,United Kingdom
537021,21011,Unknown product,-20,2010-12-03 15:43:00,0.0,,United Kingdom
537027,18098C,Unknown product,-140,2010-12-03 16:36:00,0.0,,United Kingdom
537028,21696,Unknown product,-320,2010-12-03 16:36:00,0.0,,United Kingdom
537029,37476,Unknown product,-6,2010-12-03 16:37:00,0.0,,United Kingdom
537032,21275,?,-30,2010-12-03 16:50:00,0.0,,United Kingdom
537197,22841,ROUND CAKE TIN VINTAGE GREEN,1,2010-12-05 14:02:00,0.0,12647.0,Germany
537361,21777,Unknown product,5,2010-12-06 12:34:00,0.0,,United Kingdom
537363,84569B,Unknown product,-20,2010-12-06 12:35:00,0.0,,United Kingdom
537364,21027,Unknown product,-70,2010-12-06 12:36:00,0.0,,United Kingdom
537401,84898F,Unknown product,-24,2010-12-06 14:37:00,0.0,,United Kingdom
537425,84968F,check,-20,2010-12-06 15:35:00,0.0,,United Kingdom
537426,84968E,check,-35,2010-12-06 15:36:00,0.0,,United Kingdom
537427,84968B,Unknown product,-21,2010-12-06 15:37:00,0.0,,United Kingdom
537430,85215,Unknown product,120,2010-12-06 16:05:00,0.0,,United Kingdom
537432,35833G,damages,-43,2010-12-06 16:10:00,0.0,,United Kingdom
537436,84270,Unknown product,7,2010-12-06 17:00:00,0.0,,United Kingdom
537437,90167,Unknown product,10,2010-12-06 17:00:00,0.0,,United Kingdom
537438,22959,Unknown product,13,2010-12-06 17:00:00,0.0,,United Kingdom
537439,37474,Unknown product,1,2010-12-06 17:01:00,0.0,,United Kingdom
537449,21054,Unknown product,-30,2010-12-07 09:26:00,0.0,,United Kingdom
537450,20684,Unknown product,-19,2010-12-07 09:26:00,0.0,,United Kingdom
537451,84881,Unknown product,-11,2010-12-07 09:27:00,0.0,,United Kingdom
537452,20941,Unknown product,-24,2010-12-07 09:28:00,0.0,,United Kingdom
537453,21248,Unknown product,-18,2010-12-07 09:28:00,0.0,,United Kingdom
537454,21349,Unknown product,-44,2010-12-07 09:30:00,0.0,,United Kingdom
537455,22155,Unknown product,-70,2010-12-07 09:31:00,0.0,,United Kingdom
537466,21488,Unknown product,-50,2010-12-07 10:33:00,0.0,,United Kingdom
537534,85064,CREAM SWEETHEART LETTER RACK,1,2010-12-07 11:48:00,0.0,,United Kingdom
537534,84832,ZINC WILLIE WINKIE  CANDLE STICK,1,2010-12-07 11:48:00,0.0,,United Kingdom
537534,84692,BOX OF 24 COCKTAIL PARASOLS,2,2010-12-07 11:48:00,0.0,,United Kingdom
537534,48184,DOORMAT ENGLISH ROSE,3,2010-12-07 11:48:00,0.0,,United Kingdom
537534,48111,DOORMAT 3 SMILEY CATS,1,2010-12-07 11:48:00,0.0,,United Kingdom
537534,22697,GREEN REGENCY TEACUP AND SAUCER,1,2010-12-07 11:48:00,0.0,,United Kingdom
537534,22682,FRENCH BLUE METAL DOOR SIGN 7,1,2010-12-07 11:48:00,0.0,,United Kingdom
537534,22680,FRENCH BLUE METAL DOOR SIGN 5,1,2010-12-07 11:48:00,0.0,,United Kingdom
537534,22681,FRENCH BLUE METAL DOOR SIGN 6,2,2010-12-07 11:48:00,0.0,,United Kingdom
537534,22679,FRENCH BLUE METAL DOOR SIGN 4,5,2010-12-07 11:48:00,0.0,,United Kingdom
537534,22686,FRENCH BLUE METAL DOOR SIGN No,2,2010-12-07 11:48:00,0.0,,United Kingdom
537534,22683,FRENCH BLUE METAL DOOR SIGN 8,3,2010-12-07 11:48:00,0.0,,United Kingdom
537534,22676,FRENCH BLUE METAL DOOR SIGN 1,3,2010-12-07 11:48:00,0.0,,United Kingdom
537534,22625,RED KITCHEN SCALES,1,2010-12-07 11:48:00,0.0,,United Kingdom
537534,22624,IVORY KITCHEN SCALES,3,2010-12-07 11:48:00,0.0,,United Kingdom
537534,22619,SET OF 6 SOLDIER SKITTLES,1,2010-12-07 11:48:00,0.0,,United Kingdom
537534,22520,CHILDS GARDEN TROWEL BLUE,1,2010-12-07 11:48:00,0.0,,United Kingdom
537534,22524,CHILDRENS GARDEN GLOVES BLUE,3,2010-12-07 11:48:00,0.0,,United Kingdom
537534,22502,PICNIC BASKET WICKER SMALL,29,2010-12-07 11:48:00,0.0,,United Kingdom
537534,22501,PICNIC BASKET WICKER LARGE,2,2010-12-07 11:48:00,0.0,,United Kingdom
537534,22476,EMPIRE UNION JACK TV DINNER TRAY,1,2010-12-07 11:48:00,0.0,,United Kingdom
537534,22473,TV DINNER TRAY VINTAGE PAISLEY,1,2010-12-07 11:48:00,0.0,,United Kingdom
537534,22474,SPACEBOY TV DINNER TRAY,1,2010-12-07 11:48:00,0.0,,United Kingdom
537534,22472,TV DINNER TRAY DOLLY GIRL,1,2010-12-07 11:48:00,0.0,,United Kingdom
537534,22514,CHILDS GARDEN SPADE BLUE,1,2010-12-07 11:48:00,0.0,,United Kingdom
537534,22516,CHILDS GARDEN RAKE BLUE,1,2010-12-07 11:48:00,0.0,,United Kingdom
537534,22432,WATERING CAN PINK BUNNY,1,2010-12-07 11:48:00,0.0,,United Kingdom
537534,22428,ENAMEL FIRE BUCKET CREAM,3,2010-12-07 11:48:00,0.0,,United Kingdom
537534,22427,ENAMEL FLOWER JUG CREAM,1,2010-12-07 11:48:00,0.0,,United Kingdom
537534,22376,AIRLINE BAG VINTAGE JET SET WHITE,1,2010-12-07 11:48:00,0.0,,United Kingdom
537534,22375,AIRLINE BAG VINTAGE JET SET BROWN,1,2010-12-07 11:48:00,0.0,,United Kingdom
537534,22372,AIRLINE BAG VINTAGE WORLD CHAMPION,1,2010-12-07 11:48:00,0.0,,United Kingdom
537534,22371,AIRLINE BAG VINTAGE TOKYO 78,5,2010-12-07 11:48:00,0.0,,United Kingdom
537534,22620,4 TRADITIONAL SPINNING TOPS,1,2010-12-07 11:48:00,0.0,,United Kingdom
537534,22624,IVORY KITCHEN SCALES,1,2010-12-07 11:48:00,0.0,,United Kingdom
537534,22109,FULL ENGLISH BREAKFAST PLATE,1,2010-12-07 11:48:00,0.0,,United Kingdom
537534,22367,CHILDRENS APRON SPACEBOY DESIGN,1,2010-12-07 11:48:00,0.0,,United Kingdom
537534,22366,DOORMAT AIRMAIL,1,2010-12-07 11:48:00,0.0,,United Kingdom
537534,22364,GLASS JAR DIGESTIVE BISCUITS,1,2010-12-07 11:48:00,0.0,,United Kingdom
537534,22362,GLASS JAR PEACOCK BATH SALTS,3,2010-12-07 11:48:00,0.0,,United Kingdom
537534,22360,GLASS JAR ENGLISH CONFECTIONERY,1,2010-12-07 11:48:00,0.0,,United Kingdom
537534,22361,GLASS JAR DAISY FRESH COTTON WOOL,2,2010-12-07 11:48:00,0.0,,United Kingdom
537534,22359,GLASS JAR KINGS CHOICE,1,2010-12-07 11:48:00,0.0,,United Kingdom
537534,22353,LUNCH BOX WITH CUTLERY FAIRY CAKES,1,2010-12-07 11:48:00,0.0,,United Kingdom
537534,22350,ILLUSTRATED CAT BOWL,1,2010-12-07 11:48:00,0.0,,United Kingdom
537534,22327,ROUND SNACK BOXES SET OF 4 SKULLS,1,2010-12-07 11:48:00,0.0,,United Kingdom
537534,21116,OWL DOORSTOP,1,2010-12-07 11:48:00,0.0,,United Kingdom
537534,22202,MILK PAN PINK POLKADOT,2,2010-12-07 11:48:00,0.0,,United Kingdom
537534,22550,HOLIDAY FUN LUDO,1,2010-12-07 11:48:00,0.0,,United Kingdom
537534,21912,VINTAGE SNAKES & LADDERS,1,2010-12-07 11:48:00,0.0,,United Kingdom
537534,21891,TRADITIONAL WOODEN SKIPPING ROPE,1,2010-12-07 11:48:00,0.0,,United Kingdom
537534,21559,STRAWBERRY LUNCH BOX WITH CUTLERY,1,2010-12-07 11:48:00,0.0,,United Kingdom
537534,21531,RED RETROSPOT SUGAR JAM BOWL,2,2010-12-07 11:48:00,0.0,,United Kingdom
537534,20726,LUNCH BAG WOODLAND,1,2010-12-07 11:48:00,0.0,,United Kingdom
537534,20652,BLUE POLKADOT LUGGAGE TAG,1,2010-12-07 11:48:00,0.0,,United Kingdom
537534,20615,BLUE POLKADOT PASSPORT COVER,1,2010-12-07 11:48:00,0.0,,United Kingdom
537639,22734,amazon,30,2010-12-07 15:29:00,0.0,,United Kingdom
537640,21232,STRAWBERRY CERAMIC TRINKET BOX,1,2010-12-07 15:31:00,0.0,,United Kingdom
537687,84840,Unknown product,-9,2010-12-08 10:26:00,0.0,,United Kingdom
537870,21486,Unknown product,-77,2010-12-08 17:08:00,0.0,,United Kingdom
537872,21595,Unknown product,1,2010-12-08 18:07:00,0.0,,United Kingdom
537873,37461,Unknown product,1,2010-12-08 18:07:00,0.0,,United Kingdom
537874,85170A,Unknown product,1,2010-12-08 18:07:00,0.0,,United Kingdom
537875,20849,Unknown product,1,2010-12-08 18:08:00,0.0,,United Kingdom
537876,84977,Unknown product,2,2010-12-08 18:08:00,0.0,,United Kingdom
537877,21661,Unknown product,1,2010-12-08 18:08:00,0.0,,United Kingdom
537878,72803B,Unknown product,1,2010-12-08 18:09:00,0.0,,United Kingdom
537999,22034,Unknown product,-223,2010-12-09 11:44:00,0.0,,United Kingdom
538001,35958,Unknown product,10,2010-12-09 11:45:00,0.0,,United Kingdom
538004,22114,Unknown product,144,2010-12-09 12:11:00,0.0,,United Kingdom
538036,21690,Unknown product,34,2010-12-09 13:04:00,0.0,,United Kingdom
538038,21488,Unknown product,8,2010-12-09 13:07:00,0.0,,United Kingdom
538039,22139,Unknown product,7,2010-12-09 13:07:00,0.0,,United Kingdom
538041,22145,Unknown product,30,2010-12-09 13:09:00,0.0,,United Kingdom
538042,21763,Unknown product,-4,2010-12-09 13:10:00,0.0,,United Kingdom
538043,22833,Unknown product,-1,2010-12-09 13:10:00,0.0,,United Kingdom
538045,84688,Unknown product,27,2010-12-09 13:11:00,0.0,,United Kingdom
538046,85008,Unknown product,-15,2010-12-09 13:12:00,0.0,,United Kingdom
538047,21429,Unknown product,-70,2010-12-09 13:13:00,0.0,,United Kingdom
538054,85167B,Unknown product,-24,2010-12-09 13:34:00,0.0,,United Kingdom
538055,22454,Unknown product,-20,2010-12-09 13:34:00,0.0,,United Kingdom
538058,20966,Unknown product,-150,2010-12-09 13:38:00,0.0,,United Kingdom
538061,21801,Unknown product,-38,2010-12-09 13:39:00,0.0,,United Kingdom
538071,22585,PACK OF 6 BIRDY GIFT TAGS,1,2010-12-09 14:09:00,0.0,,United Kingdom
538072,22423,faulty,-13,2010-12-09 14:10:00,0.0,,United Kingdom
538074,21743,Unknown product,-80,2010-12-09 14:11:00,0.0,,United Kingdom
538090,20956,?,-723,2010-12-09 14:48:00,0.0,,United Kingdom
538092,37467,Unknown product,-177,2010-12-09 14:49:00,0.0,,United Kingdom
538128,21357,Unknown product,46,2010-12-09 15:54:00,0.0,,United Kingdom
538129,84497,Unknown product,79,2010-12-09 15:55:00,0.0,,United Kingdom
538130,90042C,Unknown product,10,2010-12-09 15:55:00,0.0,,United Kingdom
538131,17091A,Unknown product,84,2010-12-09 15:56:00,0.0,,United Kingdom
538132,84773,Unknown product,3,2010-12-09 15:56:00,0.0,,United Kingdom
538133,85018C,Unknown product,3,2010-12-09 15:56:00,0.0,,United Kingdom
538134,20878,Unknown product,2,2010-12-09 15:56:00,0.0,,United Kingdom
538135,21186,Unknown product,2,2010-12-09 15:56:00,0.0,,United Kingdom
538136,37509,Unknown product,2,2010-12-09 15:57:00,0.0,,United Kingdom
538137,62095B,Unknown product,2,2010-12-09 15:57:00,0.0,,United Kingdom
538138,72814,Unknown product,2,2010-12-09 15:57:00,0.0,,United Kingdom
538139,84802A,Unknown product,2,2010-12-09 15:57:00,0.0,,United Kingdom
538140,90002D,Unknown product,9,2010-12-09 15:57:00,0.0,,United Kingdom
538141,22218,Unknown product,2,2010-12-09 15:58:00,0.0,,United Kingdom
538142,84247C,Unknown product,1,2010-12-09 15:58:00,0.0,,United Kingdom
538143,84534B,Unknown product,1,2010-12-09 15:58:00,0.0,,United Kingdom
538144,90042B,Unknown product,1,2010-12-09 15:58:00,0.0,,United Kingdom
538158,20892,Unknown product,-32,2010-12-09 17:17:00,0.0,,United Kingdom
538159,21324,Unknown product,-18,2010-12-09 17:17:00,0.0,,United Kingdom
538160,20956,Unknown product,288,2010-12-09 17:18:00,0.0,,United Kingdom
538161,46000S,Dotcom sales,-100,2010-12-09 17:25:00,0.0,,United Kingdom
538162,46000M,Dotcom sales,-100,2010-12-09 17:25:00,0.0,,United Kingdom
538173,22353,Unknown product,-28,2010-12-10 09:35:00,0.0,,United Kingdom
538241,21431,Unknown product,-21,2010-12-10 12:00:00,0.0,,United Kingdom
538247,79067,Unknown product,-145,2010-12-10 12:09:00,0.0,,United Kingdom
538249,85084,Unknown product,25,2010-12-10 12:19:00,0.0,,United Kingdom
538348,22734,amazon,30,2010-12-10 14:59:00,0.0,,United Kingdom
538359,35958,Unknown product,2,2010-12-10 16:29:00,0.0,,United Kingdom
538360,35004P,Unknown product,1,2010-12-10 16:29:00,0.0,,United Kingdom
538837,85135B,Unknown product,-40,2010-12-14 13:10:00,0.0,,United Kingdom
538861,22444,Unknown product,460,2010-12-14 14:04:00,0.0,,United Kingdom
538873,22734,amazon sales,20,2010-12-14 15:13:00,0.0,,United Kingdom
538877,21479,WHITE SKULL HOT WATER BOTTLE,1,2010-12-14 15:29:00,0.0,,United Kingdom
538877,22112,CHOCOLATE HOT WATER BOTTLE,1,2010-12-14 15:29:00,0.0,,United Kingdom
538877,22356,CHARLOTTE BAG PINK POLKADOT,1,2010-12-14 15:29:00,0.0,,United Kingdom
538906,21895,Unknown product,-5,2010-12-15 10:31:00,0.0,,United Kingdom
539263,22580,ADVENT CALENDAR GINGHAM SACK,4,2010-12-16 14:36:00,0.0,16560.0,United Kingdom
539413,22959,Unknown product,12,2010-12-17 13:44:00,0.0,,United Kingdom
539494,21479,?,752,2010-12-20 10:36:00,0.0,,United Kingdom
539495,22591,Unknown product,36,2010-12-20 10:37:00,0.0,,United Kingdom
539582,71477,Unknown product,8,2010-12-20 12:53:00,0.0,,United Kingdom
539583,35400,Unknown product,1,2010-12-20 12:53:00,0.0,,United Kingdom
539584,21491,Unknown product,1,2010-12-20 12:54:00,0.0,,United Kingdom
539585,21009,Unknown product,1,2010-12-20 12:54:00,0.0,,United Kingdom
539611,85135B,Found,53,2010-12-20 14:33:00,0.0,,United Kingdom
539638,22139,Unknown product,1,2010-12-20 15:23:00,0.0,,United Kingdom
539722,22423,REGENCY CAKESTAND 3 TIER,10,2010-12-21 13:45:00,0.0,14911.0,EIRE
539749,22734,Unknown product,30,2010-12-21 15:33:00,0.0,,United Kingdom
539750,22114,HOT WATER BOTTLE TEA AND SYMPATHY,1,2010-12-21 15:40:00,0.0,,United Kingdom
539750,22652,TRAVEL SEWING KIT,1,2010-12-21 15:40:00,0.0,,United Kingdom
539750,21080,SET/20 RED RETROSPOT PAPER NAPKINS,2,2010-12-21 15:40:00,0.0,,United Kingdom
539750,21481,FAWN BLUE HOT WATER BOTTLE,1,2010-12-21 15:40:00,0.0,,United Kingdom
539856,22444,GROW YOUR OWN PLANT IN A CAN,1,2010-12-22 14:41:00,0.0,,United Kingdom
539856,20682,RED RETROSPOT CHILDRENS UMBRELLA,2,2010-12-22 14:41:00,0.0,,United Kingdom
539856,20724,RED RETROSPOT CHARLOTTE BAG,2,2010-12-22 14:41:00,0.0,,United Kingdom
539856,18098C,PORCELAIN BUTTERFLY OIL BURNER,2,2010-12-22 14:41:00,0.0,,United Kingdom
539856,85123A,WHITE HANGING HEART T-LIGHT HOLDER,1,2010-12-22 14:41:00,0.0,,United Kingdom
539856,84968E,SET OF 16 VINTAGE BLACK CUTLERY,1,2010-12-22 14:41:00,0.0,,United Kingdom
539856,84872A,TEATIME FUNKY FLOWER BACKPACK FOR 2,2,2010-12-22 14:41:00,0.0,,United Kingdom
539856,22518,CHILDS GARDEN BRUSH BLUE,1,2010-12-22 14:41:00,0.0,,United Kingdom
539856,84692,BOX OF 24 COCKTAIL PARASOLS,2,2010-12-22 14:41:00,0.0,,United Kingdom
539856,79321,CHILLI LIGHTS,1,2010-12-22 14:41:00,0.0,,United Kingdom
539856,48194,DOORMAT HEARTS,2,2010-12-22 14:41:00,0.0,,United Kingdom
539856,37333,"RETRO ""TEA FOR ONE""",1,2010-12-22 14:41:00,0.0,,United Kingdom
539856,22843,BISCUIT TIN VINTAGE GREEN,1,2010-12-22 14:41:00,0.0,,United Kingdom
539856,22842,BISCUIT TIN VINTAGE RED,1,2010-12-22 14:41:00,0.0,,United Kingdom
539856,22690,DOORMAT HOME SWEET HOME BLUE,2,2010-12-22 14:41:00,0.0,,United Kingdom
539856,85099B,JUMBO BAG RED RETROSPOT,1,2010-12-22 14:41:00,0.0,,United Kingdom
539856,22685,FRENCH BLUE METAL DOOR SIGN 0,2,2010-12-22 14:41:00,0.0,,United Kingdom
539856,22684,FRENCH BLUE METAL DOOR SIGN 9,1,2010-12-22 14:41:00,0.0,,United Kingdom
539856,22686,FRENCH BLUE METAL DOOR SIGN No,2,2010-12-22 14:41:00,0.0,,United Kingdom
539856,22682,FRENCH BLUE METAL DOOR SIGN 7,3,2010-12-22 14:41:00,0.0,,United Kingdom
539856,22683,FRENCH BLUE METAL DOOR SIGN 8,2,2010-12-22 14:41:00,0.0,,United Kingdom
539856,22681,FRENCH BLUE METAL DOOR SIGN 6,1,2010-12-22 14:41:00,0.0,,United Kingdom
539856,22679,FRENCH BLUE METAL DOOR SIGN 4,2,2010-12-22 14:41:00,0.0,,United Kingdom
539856,22678,FRENCH BLUE METAL DOOR SIGN 3,2,2010-12-22 14:41:00,0.0,,United Kingdom
539856,22680,FRENCH BLUE METAL DOOR SIGN 5,1,2010-12-22 14:41:00,0.0,,United Kingdom
539856,22677,FRENCH BLUE METAL DOOR SIGN 2,6,2010-12-22 14:41:00,0.0,,United Kingdom
539856,22676,FRENCH BLUE METAL DOOR SIGN 1,5,2010-12-22 14:41:00,0.0,,United Kingdom
539856,22666,RECIPE BOX PANTRY YELLOW DESIGN,7,2010-12-22 14:41:00,0.0,,United Kingdom
539856,22665,RECIPE BOX BLUE SKETCHBOOK DESIGN,2,2010-12-22 14:41:00,0.0,,United Kingdom
539856,22650,CERAMIC PIRATE CHEST MONEY BANK,1,2010-12-22 14:41:00,0.0,,United Kingdom
539856,22647,CERAMIC LOVE HEART MONEY BANK,1,2010-12-22 14:41:00,0.0,,United Kingdom
539856,22626,BLACK KITCHEN SCALES,3,2010-12-22 14:41:00,0.0,,United Kingdom
539856,22625,RED KITCHEN SCALES,7,2010-12-22 14:41:00,0.0,,United Kingdom
539856,22624,IVORY KITCHEN SCALES,3,2010-12-22 14:41:00,0.0,,United Kingdom
539856,22619,SET OF 6 SOLDIER SKITTLES,1,2010-12-22 14:41:00,0.0,,United Kingdom
539856,22526,WHEELBARROW FOR CHILDREN,1,2010-12-22 14:41:00,0.0,,United Kingdom
539856,22525,CHILDRENS GARDEN GLOVES PINK,3,2010-12-22 14:41:00,0.0,,United Kingdom
539856,22524,CHILDRENS GARDEN GLOVES BLUE,1,2010-12-22 14:41:00,0.0,,United Kingdom
539856,22514,CHILDS GARDEN SPADE BLUE,1,2010-12-22 14:41:00,0.0,,United Kingdom
539856,22512,DOORSTOP RACING CAR DESIGN,1,2010-12-22 14:41:00,0.0,,United Kingdom
539856,22475,SKULL DESIGN TV DINNER TRAY,5,2010-12-22 14:41:00,0.0,,United Kingdom
539856,22431,WATERING CAN BLUE ELEPHANT,1,2010-12-22 14:41:00,0.0,,United Kingdom
539856,22428,ENAMEL FIRE BUCKET CREAM,4,2010-12-22 14:41:00,0.0,,United Kingdom
539856,22426,ENAMEL WASH BOWL CREAM,2,2010-12-22 14:41:00,0.0,,United Kingdom
539856,22374,AIRLINE BAG VINTAGE JET SET RED,3,2010-12-22 14:41:00,0.0,,United Kingdom
539856,22375,AIRLINE BAG VINTAGE JET SET BROWN,3,2010-12-22 14:41:00,0.0,,United Kingdom
539856,22372,AIRLINE BAG VINTAGE WORLD CHAMPION,1,2010-12-22 14:41:00,0.0,,United Kingdom
539856,22371,AIRLINE BAG VINTAGE TOKYO 78,3,2010-12-22 14:41:00,0.0,,United Kingdom
539856,22367,CHILDRENS APRON SPACEBOY DESIGN,2,2010-12-22 14:41:00,0.0,,United Kingdom
539856,22361,GLASS JAR DAISY FRESH COTTON WOOL,2,2010-12-22 14:41:00,0.0,,United Kingdom
539856,22360,GLASS JAR ENGLISH CONFECTIONERY,1,2010-12-22 14:41:00,0.0,,United Kingdom
539856,22357,KINGS CHOICE BISCUIT TIN,7,2010-12-22 14:41:00,0.0,,United Kingdom
539856,22350,ILLUSTRATED CAT BOWL,1,2010-12-22 14:41:00,0.0,,United Kingdom
539856,22327,ROUND SNACK BOXES SET OF 4 SKULLS,1,2010-12-22 14:41:00,0.0,,United Kingdom
539856,22072,RED RETROSPOT TEA CUP AND SAUCER,1,2010-12-22 14:41:00,0.0,,United Kingdom
539856,21912,VINTAGE SNAKES & LADDERS,1,2010-12-22 14:41:00,0.0,,United Kingdom
539856,21791,VINTAGE HEADS AND TAILS CARD GAME,1,2010-12-22 14:41:00,0.0,,United Kingdom
539856,22550,HOLIDAY FUN LUDO,1,2010-12-22 14:41:00,0.0,,United Kingdom
539856,21888,BINGO SET,2,2010-12-22 14:41:00,0.0,,United Kingdom
539856,21539,RED RETROSPOT BUTTER DISH,3,2010-12-22 14:41:00,0.0,,United Kingdom
539856,21258,VICTORIAN SEWING BOX LARGE,3,2010-12-22 14:41:00,0.0,,United Kingdom
539856,21116,OWL DOORSTOP,1,2010-12-22 14:41:00,0.0,,United Kingdom
539856,20719,WOODLAND CHARLOTTE BAG,1,2010-12-22 14:41:00,0.0,,United Kingdom
539980,35001W,Unknown product,-36,2010-12-23 14:34:00,0.0,,United Kingdom
539994,22830,Unknown product,-1,2011-01-04 10:09:00,0.0,,United Kingdom
539995,85064,Unknown product,-12,2011-01-04 10:12:00,0.0,,United Kingdom
539996,21784,Unknown product,-10,2011-01-04 10:12:00,0.0,,United Kingdom
539997,84689,Unknown product,5,2011-01-04 10:15:00,0.0,,United Kingdom
539998,84675,Unknown product,2,2011-01-04 10:16:00,0.0,,United Kingdom
539999,20892,Unknown product,-1,2011-01-04 10:16:00,0.0,,United Kingdom
540000,84499,Unknown product,-9,2011-01-04 10:17:00,0.0,,United Kingdom
540008,85230F,Unknown product,-48,2011-01-04 11:10:00,0.0,,United Kingdom
540009,22158,Unknown product,-120,2011-01-04 11:10:00,0.0,,United Kingdom
540010,22501,reverse 21/5/10 adjustment,-100,2011-01-04 11:13:00,0.0,,United Kingdom
540011,22501,Unknown product,30,2011-01-04 11:13:00,0.0,,United Kingdom
540012,22502,reverse 21/5/10 adjustment,-100,2011-01-04 11:14:00,0.0,,United Kingdom
540018,90112,Unknown product,2,2011-01-04 12:07:00,0.0,,United Kingdom
540100,22837,?,-106,2011-01-04 16:53:00,0.0,,United Kingdom
540119,22865,Unknown product,-60,2011-01-05 10:07:00,0.0,,United Kingdom
540241,35957,Unknown product,-939,2011-01-05 15:17:00,0.0,,United Kingdom
540252,22198,Unknown product,-100,2011-01-05 16:25:00,0.0,,United Kingdom
540256,35957,Unknown product,35,2011-01-05 17:21:00,0.0,,United Kingdom
540272,90096,Unknown product,-54,2011-01-06 11:57:00,0.0,,United Kingdom
540355,20724,RED RETROSPOT CHARLOTTE BAG,1,2011-01-06 15:11:00,0.0,,United Kingdom
540356,20724,RED RETROSPOT CHARLOTTE BAG,1,2011-01-06 15:12:00,0.0,,United Kingdom
540369,47591D,Unknown product,-201,2011-01-06 16:20:00,0.0,,United Kingdom
540372,22090,PAPER BUNTING RETROSPOT,24,2011-01-06 16:41:00,0.0,13081.0,United Kingdom
540372,22553,PLASTERS IN TIN SKULLS,24,2011-01-06 16:41:00,0.0,13081.0,United Kingdom
540549,21587,Unknown product,-53,2011-01-10 09:07:00,0.0,,United Kingdom
540558,21258,?,-29,2011-01-10 10:04:00,0.0,,United Kingdom
540560,21589,Unknown product,-14,2011-01-10 10:08:00,0.0,,United Kingdom
540564,22617,"mouldy, thrown away.",-2600,2011-01-10 10:36:00,0.0,,United Kingdom
540637,21275,Unknown product,-5,2011-01-10 12:13:00,0.0,,United Kingdom
540638,72038P,damages,-990,2011-01-10 12:14:00,0.0,,United Kingdom
540650,85124C,Unknown product,-8,2011-01-10 14:59:00,0.0,,United Kingdom
540651,82599,?,-290,2011-01-10 15:00:00,0.0,,United Kingdom
540673,21644,found,144,2011-01-10 16:04:00,0.0,,United Kingdom
540674,22837,Found,26,2011-01-10 16:05:00,0.0,,United Kingdom
540675,20748,Found,40,2011-01-10 16:05:00,0.0,,United Kingdom
540676,84534B,Unknown product,12,2011-01-10 16:05:00,0.0,,United Kingdom
540677,21667,Unknown product,1,2011-01-10 16:20:00,0.0,,United Kingdom
540678,21667,Unknown product,-1,2011-01-10 16:21:00,0.0,,United Kingdom
540679,21667,Unknown product,-1,2011-01-10 16:21:00,0.0,,United Kingdom
540683,84546,Unknown product,-45,2011-01-10 17:00:00,0.0,,United Kingdom
540684,35271S,Unknown product,-13,2011-01-10 17:01:00,0.0,,United Kingdom
540693,82605,Unknown product,1,2011-01-11 09:13:00,0.0,,United Kingdom
540694,71477,Unknown product,1,2011-01-11 09:13:00,0.0,,United Kingdom
540695,21661,Unknown product,1,2011-01-11 09:14:00,0.0,,United Kingdom
540696,84562A,Unknown product,1,2011-01-11 09:14:00,0.0,,United Kingdom
540699,POST,Unknown product,1000,2011-01-11 09:32:00,0.0,,United Kingdom
540778,84029E,Unknown product,-50,2011-01-11 11:15:00,0.0,,United Kingdom
540832,21670,BLUE SPOT CERAMIC DRAWER KNOB,2,2011-01-11 14:42:00,0.0,,United Kingdom
540832,21673,WHITE SPOT BLUE CERAMIC DRAWER KNOB,1,2011-01-11 14:42:00,0.0,,United Kingdom
540832,84692,BOX OF 24 COCKTAIL PARASOLS,1,2011-01-11 14:42:00,0.0,,United Kingdom
540832,20724,RED RETROSPOT CHARLOTTE BAG,1,2011-01-11 14:42:00,0.0,,United Kingdom
540832,22423,REGENCY CAKESTAND 3 TIER,1,2011-01-11 14:42:00,0.0,,United Kingdom
540978,84050,counted,-310,2011-01-12 15:04:00,0.0,,United Kingdom
540982,22323,Unknown product,1,2011-01-12 15:35:00,0.0,,United Kingdom
540987,17011A,Unknown product,-61,2011-01-12 16:15:00,0.0,,United Kingdom
541000,21632,Unknown product,-41,2011-01-13 10:11:00,0.0,,United Kingdom
541109,22168,ORGANISER WOOD ANTIQUE WHITE,1,2011-01-13 15:10:00,0.0,15107.0,United Kingdom
541482,22837,Unknown product,-35,2011-01-18 12:32:00,0.0,,United Kingdom
541487,85118,Unknown product,-35,2011-01-18 13:19:00,0.0,,United Kingdom
541519,21429,Unknown product,-15,2011-01-19 09:11:00,0.0,,United Kingdom
541600,22866,Unknown product,-64,2011-01-19 16:48:00,0.0,,United Kingdom
541601,22632,Unknown product,-84,2011-01-19 16:48:00,0.0,,United Kingdom
541685,22351,Given away,-1400,2011-01-20 15:41:00,0.0,,United Kingdom
541687,46000S,Dotcom,-300,2011-01-20 15:42:00,0.0,,United Kingdom
541697,21632,Unknown product,8,2011-01-20 18:09:00,0.0,,United Kingdom
541702,22451,Unknown product,-30,2011-01-21 09:44:00,0.0,,United Kingdom
541802,20854,Unknown product,-80,2011-01-21 14:45:00,0.0,,United Kingdom
541882,48185,?,-57,2011-01-24 10:54:00,0.0,,United Kingdom
541967,84823,Unknown product,-3,2011-01-24 13:35:00,0.0,,United Kingdom
542156,21348,Unknown product,8,2011-01-26 10:52:00,0.0,,United Kingdom
542225,85096,label mix up,-59,2011-01-26 13:10:00,0.0,,United Kingdom
542361,85161,samples/damages,-20,2011-01-27 12:47:00,0.0,,United Kingdom
542362,20699,Unknown product,-16,2011-01-27 12:49:00,0.0,,United Kingdom
542363,84823,Unknown product,1,2011-01-27 12:50:00,0.0,,United Kingdom
542364,21324,Unknown product,5,2011-01-27 12:50:00,0.0,,United Kingdom
542365,21897,Unknown product,-22,2011-01-27 12:51:00,0.0,,United Kingdom
542367,82583,Unknown product,-30,2011-01-27 12:57:00,0.0,,United Kingdom
542368,85188B,Unknown product,-70,2011-01-27 12:59:00,0.0,,United Kingdom
542378,84279B,Unknown product,192,2011-01-27 13:56:00,0.0,,United Kingdom
542379,35922,Unknown product,-30,2011-01-27 13:58:00,0.0,,United Kingdom
542380,84917,Unknown product,-50,2011-01-27 13:59:00,0.0,,United Kingdom
542391,84455,Unknown product,-31,2011-01-27 14:54:00,0.0,,United Kingdom
542392,84227,Unknown product,-2,2011-01-27 14:56:00,0.0,,United Kingdom
542394,84452,Unknown product,65,2011-01-27 15:11:00,0.0,,United Kingdom
542396,22146,Unknown product,-4,2011-01-27 15:12:00,0.0,,United Kingdom
542414,84967A,Unknown product,-2,2011-01-27 17:15:00,0.0,,United Kingdom
542415,84967B,Unknown product,-1,2011-01-27 17:15:00,0.0,,United Kingdom
542417,84966B,Unknown product,-11,2011-01-27 17:38:00,0.0,,United Kingdom
542418,84966A,Unknown product,-17,2011-01-27 17:39:00,0.0,,United Kingdom
542504,37413,Unknown product,5568,2011-01-28 12:03:00,0.0,,United Kingdom
542505,79063D,Unknown product,2560,2011-01-28 12:04:00,0.0,,United Kingdom
542507,20798,Unknown product,5,2011-01-28 12:06:00,0.0,,United Kingdom
542508,37467,Unknown product,136,2011-01-28 12:06:00,0.0,,United Kingdom
542509,85049B,Unknown product,3,2011-01-28 12:07:00,0.0,,United Kingdom
542510,21667,Unknown product,2,2011-01-28 12:07:00,0.0,,United Kingdom
542512,22830,Unknown product,2,2011-01-28 12:07:00,0.0,,United Kingdom
542513,75013B,Unknown product,2,2011-01-28 12:08:00,0.0,,United Kingdom
542514,22866,Unknown product,1,2011-01-28 12:08:00,0.0,,United Kingdom
542515,35607A,Unknown product,1,2011-01-28 12:08:00,0.0,,United Kingdom
542516,71477,Unknown product,4,2011-01-28 12:08:00,0.0,,United Kingdom
542518,22184,Unknown product,-13,2011-01-28 12:17:00,0.0,,United Kingdom
542529,DCGS0055,Unknown product,-1,2011-01-28 13:08:00,0.0,,United Kingdom
542531,DCGS0072,Unknown product,-1,2011-01-28 13:08:00,0.0,,United Kingdom
542532,DCGS0074,Unknown product,-1,2011-01-28 13:09:00,0.0,,United Kingdom
542544,17165D,Unknown product,-10,2011-01-28 14:43:00,0.0,,United Kingdom
542545,17165D,Unknown product,9,2011-01-28 14:44:00,0.0,,United Kingdom
542546,20734,Unknown product,-1,2011-01-28 14:44:00,0.0,,United Kingdom
542547,20864,Unknown product,-1,2011-01-28 14:45:00,0.0,,United Kingdom
542548,20892,Unknown product,-1,2011-01-28 14:45:00,0.0,,United Kingdom
542550,20910,Unknown product,-1,2011-01-28 14:45:00,0.0,,United Kingdom
542551,21282,Unknown product,-1,2011-01-28 14:46:00,0.0,,United Kingdom
542552,21645,Unknown product,-1,2011-01-28 14:47:00,0.0,,United Kingdom
542553,21805,Unknown product,-1,2011-01-28 14:49:00,0.0,,United Kingdom
542554,21836,Unknown product,-1,2011-01-28 14:49:00,0.0,,United Kingdom
542555,21841,Unknown product,-1,2011-01-28 14:50:00,0.0,,United Kingdom
542556,22143,Unknown product,-1,2011-01-28 14:50:00,0.0,,United Kingdom
542557,22765,Unknown product,-1,2011-01-28 14:50:00,0.0,,United Kingdom
542558,35644,Unknown product,-1,2011-01-28 14:51:00,0.0,,United Kingdom
542559,35991,Unknown product,-1,2011-01-28 14:51:00,0.0,,United Kingdom
542560,47579,Unknown product,-1,2011-01-28 14:51:00,0.0,,United Kingdom
542561,84424A,Unknown product,-1,2011-01-28 14:52:00,0.0,,United Kingdom
542562,84499,Unknown product,-1,2011-01-28 14:52:00,0.0,,United Kingdom
542563,84509F,Unknown product,-1,2011-01-28 14:52:00,0.0,,United Kingdom
542564,84526,Unknown product,-1,2011-01-28 14:52:00,0.0,,United Kingdom
542565,84664,Unknown product,-1,2011-01-28 14:52:00,0.0,,United Kingdom
542566,84964B,Unknown product,-1,2011-01-28 14:53:00,0.0,,United Kingdom
542567,84975,Unknown product,-1,2011-01-28 14:53:00,0.0,,United Kingdom
542569,85028L,Unknown product,-1,2011-01-28 14:53:00,0.0,,United Kingdom
542570,85028S,Unknown product,-1,2011-01-28 14:53:00,0.0,,United Kingdom
542571,85031C,Unknown product,-1,2011-01-28 14:54:00,0.0,,United Kingdom
542572,85064,Unknown product,-1,2011-01-28 14:54:00,0.0,,United Kingdom
542573,85110,Unknown product,-1,2011-01-28 14:55:00,0.0,,United Kingdom
542574,85119,Unknown product,-1,2011-01-28 14:55:00,0.0,,United Kingdom
542575,85126,Unknown product,-1,2011-01-28 14:55:00,0.0,,United Kingdom
542576,85179B,Unknown product,-1,2011-01-28 14:56:00,0.0,,United Kingdom
542577,85232B,Unknown product,-1,2011-01-28 14:56:00,0.0,,United Kingdom
542579,90000C,Unknown product,-1,2011-01-28 14:57:00,0.0,,United Kingdom
542580,90095,Unknown product,-1,2011-01-28 14:58:00,0.0,,United Kingdom
542581,90091,Unknown product,-1,2011-01-28 14:58:00,0.0,,United Kingdom
542582,DCGS0057,Unknown product,-6,2011-01-28 15:01:00,0.0,,United Kingdom
542783,21690,Unknown product,4,2011-02-01 10:02:00,0.0,,United Kingdom
542784,84795C,Unknown product,3,2011-02-01 10:04:00,0.0,,United Kingdom
542861,47591B,?,-207,2011-02-01 11:47:00,0.0,,United Kingdom
542879,22242,Unknown product,-19,2011-02-01 12:52:00,0.0,,United Kingdom
542880,22242,Unknown product,10,2011-02-01 12:53:00,0.0,,United Kingdom
542882,22162,Unknown product,-40,2011-02-01 12:55:00,0.0,,United Kingdom
542883,21448,Unknown product,-40,2011-02-01 13:07:00,0.0,,United Kingdom
542884,84748,Unknown product,-52,2011-02-01 13:08:00,0.0,,United Kingdom
542885,84465,Unknown product,-6,2011-02-01 13:08:00,0.0,,United Kingdom
542965,35400,Unknown product,2,2011-02-02 11:22:00,0.0,,United Kingdom
543014,47591B,Unknown product,1,2011-02-02 13:36:00,0.0,,United Kingdom
543034,85049F,Unknown product,-130,2011-02-02 15:50:00,0.0,,United Kingdom
543035,35004C,Unknown product,-206,2011-02-02 15:51:00,0.0,,United Kingdom
543049,79063C,Unknown product,320,2011-02-03 10:09:00,0.0,,United Kingdom
543051,79062D,Unknown product,960,2011-02-03 10:15:00,0.0,,United Kingdom
543176,22353,Unknown product,60,2011-02-04 09:52:00,0.0,,United Kingdom
543194,21355,Unknown product,-217,2011-02-04 12:25:00,0.0,,United Kingdom
543238,22833,Unknown product,1,2011-02-04 13:42:00,0.0,,United Kingdom
543254,35645,Unknown product,18,2011-02-04 15:40:00,0.0,,United Kingdom
543257,84611B,thrown away,-1430,2011-02-04 16:06:00,0.0,,United Kingdom
543258,84611B,Unknown product,1287,2011-02-04 16:06:00,0.0,,United Kingdom
543259,84612B,thrown away,-162,2011-02-04 16:07:00,0.0,,United Kingdom
543260,84613A,thrown away,-230,2011-02-04 16:07:00,0.0,,United Kingdom
543261,84613C,Unknown product,-173,2011-02-04 16:08:00,0.0,,United Kingdom
543262,84614A,thrown away,-390,2011-02-04 16:08:00,0.0,,United Kingdom
543265,84872A,Unknown product,-4,2011-02-04 17:23:00,0.0,,United Kingdom
543266,82095,Unknown product,-5,2011-02-04 17:24:00,0.0,,United Kingdom
543267,35645,Unknown product,3,2011-02-04 17:24:00,0.0,,United Kingdom
543268,84306,Unknown product,3,2011-02-04 17:24:00,0.0,,United Kingdom
543269,84638,Unknown product,-18,2011-02-04 17:25:00,0.0,,United Kingdom
543270,84631,Unknown product,-19,2011-02-04 17:25:00,0.0,,United Kingdom
543271,21087,Unknown product,-6,2011-02-04 17:26:00,0.0,,United Kingdom
543308,35969,Unknown product,-3,2011-02-07 12:04:00,0.0,,United Kingdom
543310,35954,Unknown product,-234,2011-02-07 12:10:00,0.0,,United Kingdom
543386,16207B,Unknown product,4,2011-02-08 09:22:00,0.0,,United Kingdom
543390,84880,Unknown product,-5,2011-02-08 10:02:00,0.0,,United Kingdom
543453,21429,Unknown product,1,2011-02-08 12:15:00,0.0,,United Kingdom
543471,85150,Unknown product,118,2011-02-08 15:00:00,0.0,,United Kingdom
543472,22451,Unknown product,1,2011-02-08 15:01:00,0.0,,United Kingdom
543473,21661,Unknown product,1,2011-02-08 15:01:00,0.0,,United Kingdom
543521,22769,Unknown product,-6,2011-02-09 11:49:00,0.0,,United Kingdom
543545,22627,Unknown product,-11,2011-02-09 15:50:00,0.0,,United Kingdom
543552,22847,Unknown product,-10,2011-02-10 10:05:00,0.0,,United Kingdom
543599,84535B,FAIRY CAKES NOTEBOOK A6 SIZE,16,2011-02-10 13:08:00,0.0,17560.0,United Kingdom
543654,22525,Unknown product,-57,2011-02-11 10:29:00,0.0,,United Kingdom
543655,21717,Unknown product,-42,2011-02-11 10:30:00,0.0,,United Kingdom
543656,84801B,Unknown product,-44,2011-02-11 10:30:00,0.0,,United Kingdom
543781,21655,Unknown product,19,2011-02-11 16:36:00,0.0,,United Kingdom
543782,85232B,Unknown product,6,2011-02-11 16:36:00,0.0,,United Kingdom
543783,20966,Unknown product,-41,2011-02-11 16:45:00,0.0,,United Kingdom
543827,84406B,incorrectly made-thrown away.,-64,2011-02-14 09:44:00,0.0,,United Kingdom
544046,21785,Unknown product,-140,2011-02-15 12:34:00,0.0,,United Kingdom
544063,22837,Unknown product,-9,2011-02-15 13:37:00,0.0,,United Kingdom
544072,22837,Unknown product,26,2011-02-15 14:32:00,0.0,,United Kingdom
544086,21785,Unknown product,-7,2011-02-15 16:49:00,0.0,,United Kingdom
544321,16033,Unknown product,120,2011-02-17 15:42:00,0.0,,United Kingdom
544342,22633,Unknown product,-53,2011-02-18 09:44:00,0.0,,United Kingdom
544343,22867,Unknown product,-99,2011-02-18 09:45:00,0.0,,United Kingdom
544344,22865,Unknown product,51,2011-02-18 09:47:00,0.0,,United Kingdom
544345,22866,Unknown product,1,2011-02-18 09:49:00,0.0,,United Kingdom
544346,22114,Unknown product,-21,2011-02-18 09:50:00,0.0,,United Kingdom
544347,22114,Unknown product,-4,2011-02-18 09:51:00,0.0,,United Kingdom
544348,84029E,Unknown product,13,2011-02-18 09:52:00,0.0,,United Kingdom
544396,62094B,Unknown product,-92,2011-02-18 12:16:00,0.0,,United Kingdom
544410,84997C,?,-741,2011-02-18 13:54:00,0.0,,United Kingdom
544554,22588,Unknown product,-41,2011-02-21 12:12:00,0.0,,United Kingdom
544579,21651,Unknown product,-6,2011-02-21 14:05:00,0.0,,United Kingdom
544649,21621,?,-400,2011-02-22 12:37:00,0.0,,United Kingdom
544703,22202,Unknown product,-114,2011-02-23 10:35:00,0.0,,United Kingdom
544832,62096A,Unknown product,-88,2011-02-24 10:05:00,0.0,,United Kingdom
544834,90200C,Unknown product,-33,2011-02-24 10:15:00,0.0,,United Kingdom
545127,22024,Unknown product,-50,2011-02-28 12:04:00,0.0,,United Kingdom
545135,22028,Unknown product,-30,2011-02-28 12:06:00,0.0,,United Kingdom
545160,22666,RECIPE BOX PANTRY YELLOW DESIGN,1,2011-02-28 13:31:00,0.0,,United Kingdom
545160,22627,MINT KITCHEN SCALES,1,2011-02-28 13:31:00,0.0,,United Kingdom
545160,22625,RED KITCHEN SCALES,1,2011-02-28 13:31:00,0.0,,United Kingdom
545160,22559,SEASIDE FLYING DISC,1,2011-02-28 13:31:00,0.0,,United Kingdom
545176,22470,HEART OF WICKER LARGE,1,2011-02-28 14:19:00,0.0,,United Kingdom
545176,22374,AIRLINE BAG VINTAGE JET SET RED,2,2011-02-28 14:19:00,0.0,,United Kingdom
545176,22371,AIRLINE BAG VINTAGE TOKYO 78,1,2011-02-28 14:19:00,0.0,,United Kingdom
545176,22365,DOORMAT RESPECTABLE HOUSE,1,2011-02-28 14:19:00,0.0,,United Kingdom
545176,22363,GLASS JAR MARMALADE,1,2011-02-28 14:19:00,0.0,,United Kingdom
545176,22360,GLASS JAR ENGLISH CONFECTIONERY,1,2011-02-28 14:19:00,0.0,,United Kingdom
545176,22364,GLASS JAR DIGESTIVE BISCUITS,1,2011-02-28 14:19:00,0.0,,United Kingdom
545176,22359,GLASS JAR KINGS CHOICE,2,2011-02-28 14:19:00,0.0,,United Kingdom
545176,22357,KINGS CHOICE BISCUIT TIN,3,2011-02-28 14:19:00,0.0,,United Kingdom
545176,22350,ILLUSTRATED CAT BOWL,1,2011-02-28 14:19:00,0.0,,United Kingdom
545176,22300,COFFEE MUG DOG + BALL DESIGN,1,2011-02-28 14:19:00,0.0,,United Kingdom
545176,22064,PINK DOUGHNUT TRINKET POT,1,2011-02-28 14:19:00,0.0,,United Kingdom
545176,21888,BINGO SET,1,2011-02-28 14:19:00,0.0,,United Kingdom
545176,21116,OWL DOORSTOP,5,2011-02-28 14:19:00,0.0,,United Kingdom
545176,20724,RED RETROSPOT CHARLOTTE BAG,1,2011-02-28 14:19:00,0.0,,United Kingdom
545176,20685,DOORMAT RED RETROSPOT,1,2011-02-28 14:19:00,0.0,,United Kingdom
545176,20652,BLUE POLKADOT LUGGAGE TAG,3,2011-02-28 14:19:00,0.0,,United Kingdom
545176,20615,BLUE POLKADOT PASSPORT COVER,3,2011-02-28 14:19:00,0.0,,United Kingdom
545176,18098C,PORCELAIN BUTTERFLY OIL BURNER,6,2011-02-28 14:19:00,0.0,,United Kingdom
545176,22383,LUNCH BAG SUKI DESIGN,1,2011-02-28 14:19:00,0.0,,United Kingdom
545176,85099F,JUMBO BAG STRAWBERRY,1,2011-02-28 14:19:00,0.0,,United Kingdom
545176,84968E,SET OF 16 VINTAGE BLACK CUTLERY,1,2011-02-28 14:19:00,0.0,,United Kingdom
545176,84872A,TEATIME FUNKY FLOWER BACKPACK FOR 2,1,2011-02-28 14:19:00,0.0,,United Kingdom
545176,22676,FRENCH BLUE METAL DOOR SIGN 1,1,2011-02-28 14:19:00,0.0,,United Kingdom
545176,21899,"KEY FOB , GARAGE DESIGN",1,2011-02-28 14:19:00,0.0,,United Kingdom
545176,22524,CHILDRENS GARDEN GLOVES BLUE,1,2011-02-28 14:19:00,0.0,,United Kingdom
545176,84692,BOX OF 24 COCKTAIL PARASOLS,1,2011-02-28 14:19:00,0.0,,United Kingdom
545176,79321,CHILLI LIGHTS,1,2011-02-28 14:19:00,0.0,,United Kingdom
545176,37333,"RETRO ""TEA FOR ONE""",3,2011-02-28 14:19:00,0.0,,United Kingdom
545176,22697,GREEN REGENCY TEACUP AND SAUCER,1,2011-02-28 14:19:00,0.0,,United Kingdom
545176,22699,ROSES REGENCY TEACUP AND SAUCER,1,2011-02-28 14:19:00,0.0,,United Kingdom
545176,22698,PINK REGENCY TEACUP AND SAUCER,1,2011-02-28 14:19:00,0.0,,United Kingdom
545176,22689,DOORMAT MERRY CHRISTMAS RED,3,2011-02-28 14:19:00,0.0,,United Kingdom
545176,22681,FRENCH BLUE METAL DOOR SIGN 6,2,2011-02-28 14:19:00,0.0,,United Kingdom
545176,22678,FRENCH BLUE METAL DOOR SIGN 3,1,2011-02-28 14:19:00,0.0,,United Kingdom
545176,22686,FRENCH BLUE METAL DOOR SIGN No,2,2011-02-28 14:19:00,0.0,,United Kingdom
545176,22681,FRENCH BLUE METAL DOOR SIGN 6,3,2011-02-28 14:19:00,0.0,,United Kingdom
545176,22677,FRENCH BLUE METAL DOOR SIGN 2,1,2011-02-28 14:19:00,0.0,,United Kingdom
545176,22683,FRENCH BLUE METAL DOOR SIGN 8,1,2011-02-28 14:19:00,0.0,,United Kingdom
545176,22676,FRENCH BLUE METAL DOOR SIGN 1,2,2011-02-28 14:19:00,0.0,,United Kingdom
545176,22665,RECIPE BOX BLUE SKETCHBOOK DESIGN,1,2011-02-28 14:19:00,0.0,,United Kingdom
545176,22649,STRAWBERRY FAIRY CAKE TEAPOT,1,2011-02-28 14:19:00,0.0,,United Kingdom
545176,22627,MINT KITCHEN SCALES,1,2011-02-28 14:19:00,0.0,,United Kingdom
545176,22625,RED KITCHEN SCALES,4,2011-02-28 14:19:00,0.0,,United Kingdom
545176,22624,IVORY KITCHEN SCALES,8,2011-02-28 14:19:00,0.0,,United Kingdom
545176,22619,SET OF 6 SOLDIER SKITTLES,1,2011-02-28 14:19:00,0.0,,United Kingdom
545176,22550,HOLIDAY FUN LUDO,1,2011-02-28 14:19:00,0.0,,United Kingdom
545176,22473,TV DINNER TRAY VINTAGE PAISLEY,1,2011-02-28 14:19:00,0.0,,United Kingdom
545176,22475,SKULL DESIGN TV DINNER TRAY,3,2011-02-28 14:19:00,0.0,,United Kingdom
545219,20738,Unknown product,-36,2011-02-28 17:04:00,0.0,,United Kingdom
545236,22797,damages,-15,2011-03-01 10:32:00,0.0,,United Kingdom
545401,21769,showroom,-5,2011-03-02 12:03:00,0.0,,United Kingdom
545402,22862,Unknown product,-33,2011-03-02 12:07:00,0.0,,United Kingdom
545546,84249A,check,-150,2011-03-03 15:03:00,0.0,,United Kingdom
545547,85061W,Unknown product,-391,2011-03-03 15:07:00,0.0,,United Kingdom
545548,77101A,Unknown product,-87,2011-03-03 15:08:00,0.0,,United Kingdom
545549,15058B,Unknown product,-61,2011-03-03 15:10:00,0.0,,United Kingdom
545551,15058A,Unknown product,20,2011-03-03 15:11:00,0.0,,United Kingdom
545552,22021,Unknown product,-20,2011-03-03 15:11:00,0.0,,United Kingdom
545553,84459B,Unknown product,16,2011-03-03 15:12:00,0.0,,United Kingdom
545554,22988,Unknown product,-70,2011-03-03 15:12:00,0.0,,United Kingdom
545560,37464,Unknown product,-2,2011-03-03 16:12:00,0.0,,United Kingdom
545561,37379A,Unknown product,-9,2011-03-03 16:12:00,0.0,,United Kingdom
545562,20689,Unknown product,-5,2011-03-03 16:12:00,0.0,,United Kingdom
545563,20671,Unknown product,-22,2011-03-03 16:13:00,0.0,,United Kingdom
545564,85092,Unknown product,-9,2011-03-03 16:13:00,0.0,,United Kingdom
545565,47563B,Unknown product,-10,2011-03-03 16:14:00,0.0,,United Kingdom
545566,37477D,Unknown product,-9,2011-03-03 16:14:00,0.0,,United Kingdom
545567,37444B,Unknown product,-3,2011-03-03 16:14:00,0.0,,United Kingdom
545598,22080,Unknown product,-278,2011-03-04 11:16:00,0.0,,United Kingdom
545599,22272,Unknown product,-140,2011-03-04 11:17:00,0.0,,United Kingdom
545600,85160A,Unknown product,-21,2011-03-04 11:45:00,0.0,,United Kingdom
545651,21973,Unknown product,140,2011-03-04 13:14:00,0.0,,United Kingdom
545666,37468,Unknown product,67,2011-03-04 15:33:00,0.0,,United Kingdom
545857,20681,MIA,-154,2011-03-07 13:56:00,0.0,,United Kingdom
545875,21736,Adjustment,34,2011-03-07 15:18:00,0.0,,United Kingdom
545990,84598,check,-3000,2011-03-08 13:07:00,0.0,,United Kingdom
546010,22423,damages,-19,2011-03-08 15:55:00,0.0,,United Kingdom
546016,85172,Dotcom set,-675,2011-03-08 17:21:00,0.0,,United Kingdom
546018,85172,wrongly sold as sets,-600,2011-03-08 17:23:00,0.0,,United Kingdom
546020,85175,Amazon sold sets,-210,2011-03-08 17:27:00,0.0,,United Kingdom
546021,85175,dotcom sold sets,-345,2011-03-08 17:27:00,0.0,,United Kingdom
546023,85175,wrongly sold sets,-975,2011-03-08 17:29:00,0.0,,United Kingdom
546024,85175,? sold as sets?,-1200,2011-03-08 17:31:00,0.0,,United Kingdom
546025,85172,?sold as sets?,-600,2011-03-08 17:31:00,0.0,,United Kingdom
546026,90200C,Unknown product,4,2011-03-08 17:43:00,0.0,,United Kingdom
546085,84535A,Unknown product,144,2011-03-09 11:32:00,0.0,,United Kingdom
546114,84247K,Unknown product,47,2011-03-09 13:47:00,0.0,,United Kingdom
546124,35610C,Thrown away.,-1121,2011-03-09 14:50:00,0.0,,United Kingdom
546126,35611B,thrown away,-27,2011-03-09 14:52:00,0.0,,United Kingdom
546129,35610B,thrown away,-541,2011-03-09 15:07:00,0.0,,United Kingdom
546130,35610A,thrown away,-1277,2011-03-09 15:08:00,0.0,,United Kingdom
546137,20893,damages/display,-197,2011-03-09 16:33:00,0.0,,United Kingdom
546138,21815,?,-300,2011-03-09 16:34:00,0.0,,United Kingdom
546139,84988,?,3000,2011-03-09 16:35:00,0.0,,United Kingdom
546140,21527,damages,-30,2011-03-09 16:35:00,0.0,,United Kingdom
546141,79302M,Unknown product,73,2011-03-09 16:36:00,0.0,,United Kingdom
546142,40016,damaged stock,-1100,2011-03-09 16:37:00,0.0,,United Kingdom
546145,21537,?,-80,2011-03-09 16:39:00,0.0,,United Kingdom
546146,20752,Unknown product,-40,2011-03-09 16:41:00,0.0,,United Kingdom
546147,21320,broken,-63,2011-03-09 16:42:00,0.0,,United Kingdom
546148,85049D,?,-100,2011-03-09 16:43:00,0.0,,United Kingdom
546149,20866,?,-230,2011-03-09 17:02:00,0.0,,United Kingdom
546150,21503,Unknown product,-140,2011-03-09 17:03:00,0.0,,United Kingdom
546151,21504,Unknown product,-80,2011-03-09 17:04:00,0.0,,United Kingdom
546152,72140F,throw away,-5368,2011-03-09 17:25:00,0.0,,United Kingdom
546240,85045,Unknown product,20,2011-03-10 13:00:00,0.0,,United Kingdom
546244,21484,Unknown product,219,2011-03-10 13:24:00,0.0,,United Kingdom
546245,85185B,?,-259,2011-03-10 13:26:00,0.0,,United Kingdom
546307,84029G,Unknown product,280,2011-03-10 16:22:00,0.0,,United Kingdom
546308,21555,Unknown product,232,2011-03-10 16:23:00,0.0,,United Kingdom
546309,85185B,Unknown product,180,2011-03-10 16:24:00,0.0,,United Kingdom
546375,85096,Unknown product,48,2011-03-11 12:07:00,0.0,,United Kingdom
546379,72225C,Unknown product,-82,2011-03-11 12:21:00,0.0,,United Kingdom
546406,46000S,POLYESTER FILLER PAD 40x40cm,70,2011-03-11 16:21:00,0.0,,United Kingdom
546406,46000M,POLYESTER FILLER PAD 45x45cm,60,2011-03-11 16:21:00,0.0,,United Kingdom
546407,22719,wrong barcode (22467),-178,2011-03-11 16:24:00,0.0,,United Kingdom
546408,22467,wrongly sold (22719) barcode,170,2011-03-11 16:25:00,0.0,,United Kingdom
546409,21833,damages,-110,2011-03-11 16:27:00,0.0,,United Kingdom
546551,84563A,Unknown product,-10,2011-03-14 17:33:00,0.0,,United Kingdom
546661,22777,Unknown product,-25,2011-03-15 14:33:00,0.0,,United Kingdom
546666,79321,Unknown product,72,2011-03-15 15:14:00,0.0,,United Kingdom
546672,85206A,Unknown product,-77,2011-03-15 15:47:00,0.0,,United Kingdom
546673,23348,Unknown product,48,2011-03-15 16:11:00,0.0,,United Kingdom
546756,79067,Unknown product,-5,2011-03-16 13:31:00,0.0,,United Kingdom
546933,85123A,WHITE HANGING HEART T-LIGHT HOLDER,1,2011-03-18 11:02:00,0.0,,United Kingdom
546933,85099B,JUMBO BAG RED RETROSPOT,2,2011-03-18 11:02:00,0.0,,United Kingdom
546933,48184,DOORMAT ENGLISH ROSE,2,2011-03-18 11:02:00,0.0,,United Kingdom
546933,22692,DOORMAT WELCOME TO OUR HOME,1,2011-03-18 11:02:00,0.0,,United Kingdom
546933,22683,FRENCH BLUE METAL DOOR SIGN 8,2,2011-03-18 11:02:00,0.0,,United Kingdom
546933,22686,FRENCH BLUE METAL DOOR SIGN No,3,2011-03-18 11:02:00,0.0,,United Kingdom
546933,22681,FRENCH BLUE METAL DOOR SIGN 6,7,2011-03-18 11:02:00,0.0,,United Kingdom
546933,22682,FRENCH BLUE METAL DOOR SIGN 7,3,2011-03-18 11:02:00,0.0,,United Kingdom
546933,22685,FRENCH BLUE METAL DOOR SIGN 0,1,2011-03-18 11:02:00,0.0,,United Kingdom
546933,22680,FRENCH BLUE METAL DOOR SIGN 5,3,2011-03-18 11:02:00,0.0,,United Kingdom
546933,22684,FRENCH BLUE METAL DOOR SIGN 9,3,2011-03-18 11:02:00,0.0,,United Kingdom
546933,22678,FRENCH BLUE METAL DOOR SIGN 3,3,2011-03-18 11:02:00,0.0,,United Kingdom
546933,22679,FRENCH BLUE METAL DOOR SIGN 4,4,2011-03-18 11:02:00,0.0,,United Kingdom
546933,22676,FRENCH BLUE METAL DOOR SIGN 1,3,2011-03-18 11:02:00,0.0,,United Kingdom
546933,22666,RECIPE BOX PANTRY YELLOW DESIGN,9,2011-03-18 11:02:00,0.0,,United Kingdom
546933,22627,MINT KITCHEN SCALES,1,2011-03-18 11:02:00,0.0,,United Kingdom
546933,22626,BLACK KITCHEN SCALES,1,2011-03-18 11:02:00,0.0,,United Kingdom
546933,22625,RED KITCHEN SCALES,3,2011-03-18 11:02:00,0.0,,United Kingdom
546933,22623,BOX OF VINTAGE JIGSAW BLOCKS,1,2011-03-18 11:02:00,0.0,,United Kingdom
546933,22521,CHILDS GARDEN TROWEL PINK,1,2011-03-18 11:02:00,0.0,,United Kingdom
546933,22430,ENAMEL WATERING CAN CREAM,3,2011-03-18 11:02:00,0.0,,United Kingdom
546933,22375,AIRLINE BAG VINTAGE JET SET BROWN,1,2011-03-18 11:02:00,0.0,,United Kingdom
546933,22374,AIRLINE BAG VINTAGE JET SET RED,1,2011-03-18 11:02:00,0.0,,United Kingdom
546933,22366,DOORMAT AIRMAIL,1,2011-03-18 11:02:00,0.0,,United Kingdom
546933,22364,GLASS JAR DIGESTIVE BISCUITS,2,2011-03-18 11:02:00,0.0,,United Kingdom
546933,22631,CIRCUS PARADE LUNCH BOX,3,2011-03-18 11:02:00,0.0,,United Kingdom
546933,21556,CERAMIC STRAWBERRY MONEY BOX,2,2011-03-18 11:02:00,0.0,,United Kingdom
546933,22666,RECIPE BOX PANTRY YELLOW DESIGN,1,2011-03-18 11:02:00,0.0,,United Kingdom
546933,22372,AIRLINE BAG VINTAGE WORLD CHAMPION,1,2011-03-18 11:02:00,0.0,,United Kingdom
546933,20719,WOODLAND CHARLOTTE BAG,1,2011-03-18 11:02:00,0.0,,United Kingdom
547328,22272,Unknown product,45,2011-03-22 11:37:00,0.0,,United Kingdom
547329,20681,Unknown product,-1,2011-03-22 11:38:00,0.0,,United Kingdom
547330,21894,Unknown product,-40,2011-03-22 11:40:00,0.0,,United Kingdom
547331,17013D,Unknown product,-20,2011-03-22 11:41:00,0.0,,United Kingdom
547332,21613,Unknown product,-47,2011-03-22 11:42:00,0.0,,United Kingdom
547333,22791,Unknown product,-70,2011-03-22 11:43:00,0.0,,United Kingdom
547335,20934,Unknown product,-15,2011-03-22 11:44:00,0.0,,United Kingdom
547336,21689,wrong barcode,-323,2011-03-22 11:45:00,0.0,,United Kingdom
547337,85025C,barcode problem,-230,2011-03-22 11:47:00,0.0,,United Kingdom
547338,22245,Unknown product,-110,2011-03-22 11:49:00,0.0,,United Kingdom
547339,84406B,?,-450,2011-03-22 11:51:00,0.0,,United Kingdom
547341,85049D,Unknown product,-20,2011-03-22 11:53:00,0.0,,United Kingdom
547343,77101A,Unknown product,4,2011-03-22 11:54:00,0.0,,United Kingdom
547344,22838,Unknown product,5,2011-03-22 11:55:00,0.0,,United Kingdom
547345,22838,Unknown product,-10,2011-03-22 11:55:00,0.0,,United Kingdom
547346,21000,Unknown product,-41,2011-03-22 11:56:00,0.0,,United Kingdom
547347,22470,Unknown product,-6,2011-03-22 11:56:00,0.0,,United Kingdom
547348,85206A,Unknown product,4,2011-03-22 11:57:00,0.0,,United Kingdom
547363,22459,?lost,-232,2011-03-22 12:33:00,0.0,,United Kingdom
547369,21898,Unknown product,-83,2011-03-22 13:24:00,0.0,,United Kingdom
547394,71477,Unknown product,1,2011-03-22 16:38:00,0.0,,United Kingdom
547395,84977,Unknown product,1,2011-03-22 16:38:00,0.0,,United Kingdom
547396,79321,CHILLI LIGHTS,1,2011-03-22 16:54:00,0.0,,United Kingdom
547402,85028L,Unknown product,12,2011-03-22 17:04:00,0.0,,United Kingdom
547403,85028L,Unknown product,-2,2011-03-22 17:05:00,0.0,,United Kingdom
547404,85028S,Unknown product,24,2011-03-22 17:05:00,0.0,,United Kingdom
547417,22062,CERAMIC BOWL WITH LOVE HEART DESIGN,36,2011-03-23 10:25:00,0.0,13239.0,United Kingdom
547487,84596E,Unknown product,-153,2011-03-23 11:29:00,0.0,,United Kingdom
547505,22198,Unknown product,-9,2011-03-23 13:36:00,0.0,,United Kingdom
547506,21538,Unknown product,-2,2011-03-23 13:38:00,0.0,,United Kingdom
547522,21717,Unknown product,5,2011-03-23 15:02:00,0.0,,United Kingdom
547523,85197,Unknown product,5,2011-03-23 15:03:00,0.0,,United Kingdom
547524,22451,Unknown product,4,2011-03-23 15:03:00,0.0,,United Kingdom
547525,21258,Unknown product,3,2011-03-23 15:04:00,0.0,,United Kingdom
547526,22627,Unknown product,3,2011-03-23 15:04:00,0.0,,United Kingdom
547527,21826,Unknown product,2,2011-03-23 15:04:00,0.0,,United Kingdom
547528,84840,Unknown product,2,2011-03-23 15:05:00,0.0,,United Kingdom
547529,21841,Unknown product,1,2011-03-23 15:05:00,0.0,,United Kingdom
547530,22764,Unknown product,3,2011-03-23 15:05:00,0.0,,United Kingdom
547531,82605,Unknown product,1,2011-03-23 15:06:00,0.0,,United Kingdom
547532,84227,Unknown product,1,2011-03-23 15:06:00,0.0,,United Kingdom
547533,84968B,Unknown product,2,2011-03-23 15:06:00,0.0,,United Kingdom
547534,90084,Unknown product,1,2011-03-23 15:06:00,0.0,,United Kingdom
547536,90005A,Unknown product,1,2011-03-23 15:07:00,0.0,,United Kingdom
547557,22866,Unknown product,2,2011-03-23 16:53:00,0.0,,United Kingdom
547559,72759,thrown away-can't sell.,-524,2011-03-23 17:27:00,0.0,,United Kingdom
547560,72732,thrown away-can't sell,-2472,2011-03-23 17:28:00,0.0,,United Kingdom
547575,85025C,Unknown product,144,2011-03-24 10:18:00,0.0,,United Kingdom
547593,20785,Unknown product,-2,2011-03-24 11:18:00,0.0,,United Kingdom
547595,82483,Unknown product,-12,2011-03-24 11:20:00,0.0,,United Kingdom
547596,84306,Unknown product,-5,2011-03-24 11:20:00,0.0,,United Kingdom
547597,17011F,Unknown product,-18,2011-03-24 11:21:00,0.0,,United Kingdom
547598,21332,Unknown product,-25,2011-03-24 11:24:00,0.0,,United Kingdom
547599,21361,Unknown product,-10,2011-03-24 11:24:00,0.0,,United Kingdom
547606,22173,Unknown product,-22,2011-03-24 11:26:00,0.0,,United Kingdom
547611,84631,Unknown product,-9,2011-03-24 11:26:00,0.0,,United Kingdom
547618,21547,Unknown product,-12,2011-03-24 11:28:00,0.0,,United Kingdom
547626,20973,Unknown product,60,2011-03-24 11:30:00,0.0,,United Kingdom
547646,84849D,Unknown product,-80,2011-03-24 11:42:00,0.0,,United Kingdom
547673,47593A,found,13,2011-03-24 13:57:00,0.0,,United Kingdom
547696,35809B,Unknown product,12,2011-03-24 16:07:00,0.0,,United Kingdom
547699,21143,Unknown product,-32,2011-03-24 16:38:00,0.0,,United Kingdom
547700,21147,Unknown product,-105,2011-03-24 16:39:00,0.0,,United Kingdom
547701,84559D,Unknown product,-7,2011-03-24 16:42:00,0.0,,United Kingdom
547704,21621,rcvd be air temp fix for dotcom sit,100,2011-03-24 17:51:00,0.0,,United Kingdom
547813,84840,Unknown product,1,2011-03-25 14:11:00,0.0,,United Kingdom
547827,22444,Unknown product,82,2011-03-25 15:10:00,0.0,,United Kingdom
547916,22459,Unknown product,-36,2011-03-28 12:46:00,0.0,,United Kingdom
547917,21898,Unknown product,6,2011-03-28 12:46:00,0.0,,United Kingdom
547927,37444C,Unknown product,5,2011-03-28 13:59:00,0.0,,United Kingdom
547928,37444B,Unknown product,1,2011-03-28 14:00:00,0.0,,United Kingdom
547929,21393,Unknown product,3,2011-03-28 14:00:00,0.0,,United Kingdom
547932,85197,Unknown product,24,2011-03-28 14:01:00,0.0,,United Kingdom
547933,21445,Unknown product,1,2011-03-28 14:02:00,0.0,,United Kingdom
547943,21357,Unknown product,1,2011-03-28 14:58:00,0.0,,United Kingdom
547948,71038,Unknown product,167,2011-03-28 15:06:00,0.0,,United Kingdom
547950,35241,damages?,-40,2011-03-28 15:11:00,0.0,,United Kingdom
547957,20713,Unknown product,32,2011-03-28 15:16:00,0.0,,United Kingdom
547959,20713,Unknown product,23,2011-03-28 15:19:00,0.0,,United Kingdom
547966,DOT,Unknown product,1000,2011-03-28 15:49:00,0.0,,United Kingdom
547989,21621,re dotcom quick fix.,-100,2011-03-29 09:36:00,0.0,,United Kingdom
547994,21228,Unknown product,-7,2011-03-29 10:18:00,0.0,,United Kingdom
547995,35823P,Unknown product,-12,2011-03-29 10:20:00,0.0,,United Kingdom
547996,84534B,Unknown product,-10,2011-03-29 10:22:00,0.0,,United Kingdom
547997,20857,Unknown product,-34,2011-03-29 10:22:00,0.0,,United Kingdom
547998,20854,Unknown product,-2,2011-03-29 10:23:00,0.0,,United Kingdom
547999,20860,Unknown product,-7,2011-03-29 10:24:00,0.0,,United Kingdom
548000,85224,Unknown product,-7,2011-03-29 10:24:00,0.0,,United Kingdom
548001,22451,Unknown product,11,2011-03-29 10:26:00,0.0,,United Kingdom
548002,21051,Unknown product,-25,2011-03-29 10:27:00,0.0,,United Kingdom
548008,21190,Unknown product,-80,2011-03-29 10:52:00,0.0,,United Kingdom
548069,20713,Unknown product,-22,2011-03-29 12:10:00,0.0,,United Kingdom
548095,20850,Unknown product,-3,2011-03-29 12:17:00,0.0,,United Kingdom
548098,21283,Unknown product,-15,2011-03-29 12:17:00,0.0,,United Kingdom
548104,84854,Unknown product,-3,2011-03-29 12:18:00,0.0,,United Kingdom
548110,21911,Unknown product,-27,2011-03-29 12:20:00,0.0,,United Kingdom
548149,72821,Unknown product,-2,2011-03-29 12:36:00,0.0,,United Kingdom
548161,20734,Unknown product,2,2011-03-29 13:40:00,0.0,,United Kingdom
548173,85067,Unknown product,-3,2011-03-29 14:17:00,0.0,,United Kingdom
548175,46115B,Unknown product,-2,2011-03-29 14:19:00,0.0,,United Kingdom
548195,79321,Unknown product,27,2011-03-29 15:36:00,0.0,,United Kingdom
548205,21614,Unknown product,48,2011-03-29 16:51:00,0.0,,United Kingdom
548206,22469,Unknown product,-53,2011-03-29 16:56:00,0.0,,United Kingdom
548207,20713,Unknown product,25,2011-03-29 17:11:00,0.0,,United Kingdom
548209,21621,Unknown product,-30,2011-03-29 17:21:00,0.0,,United Kingdom
548220,79321,Unknown product,14,2011-03-30 09:47:00,0.0,,United Kingdom
548221,85049B,Unknown product,1,2011-03-30 09:47:00,0.0,,United Kingdom
548224,47593A,Unknown product,2,2011-03-30 10:23:00,0.0,,United Kingdom
548227,90099,Unknown product,-19,2011-03-30 10:24:00,0.0,,United Kingdom
548261,90104,Unknown product,2,2011-03-30 11:19:00,0.0,,United Kingdom
548269,22036,Unknown product,-45,2011-03-30 11:35:00,0.0,,United Kingdom
548286,10002,Unknown product,180,2011-03-30 11:47:00,0.0,,United Kingdom
548318,22055,MINI CAKE STAND  HANGING STRAWBERY,5,2011-03-30 12:45:00,0.0,13113.0,United Kingdom
548328,21527,Unknown product,-21,2011-03-30 13:11:00,0.0,,United Kingdom
548339,21827,Unknown product,-42,2011-03-30 14:08:00,0.0,,United Kingdom
548364,21095,Unknown product,53,2011-03-30 15:49:00,0.0,,United Kingdom
548365,79172D,Unknown product,-7,2011-03-30 15:49:00,0.0,,United Kingdom
548366,84678,Unknown product,-33,2011-03-30 15:50:00,0.0,,United Kingdom
548369,84683,Unknown product,-6,2011-03-30 16:00:00,0.0,,United Kingdom
548376,22533,Unknown product,-80,2011-03-30 16:39:00,0.0,,United Kingdom
548377,85016,Unknown product,-46,2011-03-30 16:40:00,0.0,,United Kingdom
548378,22052,Unknown product,-75,2011-03-30 16:41:00,0.0,,United Kingdom
548379,20702,Unknown product,11,2011-03-30 16:41:00,0.0,,United Kingdom
548380,22127,Dotcom sold in 6's,-60,2011-03-30 16:44:00,0.0,,United Kingdom
548381,22127,sold in set?,-690,2011-03-30 16:45:00,0.0,,United Kingdom
548382,84898F,Unknown product,-2,2011-03-30 16:46:00,0.0,,United Kingdom
548383,84906,Unknown product,5,2011-03-30 16:46:00,0.0,,United Kingdom
548385,22168,Unknown product,-19,2011-03-30 16:47:00,0.0,,United Kingdom
548394,82494L,cracked,-39,2011-03-30 17:18:00,0.0,,United Kingdom
548395,22194,Unknown product,-9,2011-03-30 17:20:00,0.0,,United Kingdom
548396,22719,sold as 22467,-25,2011-03-30 17:21:00,0.0,,United Kingdom
548397,21195,Unknown product,-30,2011-03-30 17:23:00,0.0,,United Kingdom
548398,22482,Unknown product,-66,2011-03-30 17:24:00,0.0,,United Kingdom
548399,15030,Unknown product,150,2011-03-30 17:25:00,0.0,,United Kingdom
548402,21040,Unknown product,-5,2011-03-31 09:26:00,0.0,,United Kingdom
548535,90010A,Unknown product,25,2011-03-31 17:33:00,0.0,,United Kingdom
548536,90010B,Unknown product,-50,2011-03-31 17:34:00,0.0,,United Kingdom
548537,90173,Unknown product,-28,2011-03-31 17:35:00,0.0,,United Kingdom
548538,90082B,Unknown product,3,2011-03-31 17:36:00,0.0,,United Kingdom
548539,90005A,Unknown product,2,2011-03-31 17:37:00,0.0,,United Kingdom
548540,90035A,Unknown product,-9,2011-03-31 17:51:00,0.0,,United Kingdom
548615,16010,Unknown product,-7,2011-04-01 11:47:00,0.0,,United Kingdom
548620,84313B,Damaged,-32,2011-04-01 11:53:00,0.0,,United Kingdom
548637,84596E,Unknown product,5,2011-04-01 12:32:00,0.0,,United Kingdom
548638,21258,Unknown product,4,2011-04-01 12:34:00,0.0,,United Kingdom
548639,22627,Unknown product,1,2011-04-01 12:34:00,0.0,,United Kingdom
548646,21472,Unknown product,-140,2011-04-01 13:15:00,0.0,,United Kingdom
548662,82494L,Unknown product,-180,2011-04-01 14:31:00,0.0,,United Kingdom
548675,85185D,Unknown product,-2,2011-04-01 16:39:00,0.0,,United Kingdom
548676,72800F,Unknown product,-5,2011-04-01 16:40:00,0.0,,United Kingdom
548677,72781,Unknown product,-30,2011-04-01 16:40:00,0.0,,United Kingdom
548678,35015,Unknown product,-9,2011-04-01 16:41:00,0.0,,United Kingdom
548679,72793,Unknown product,-3,2011-04-01 16:42:00,0.0,,United Kingdom
548680,72800D,Unknown product,-18,2011-04-01 16:43:00,0.0,,United Kingdom
548681,72800D,Unknown product,3,2011-04-01 16:43:00,0.0,,United Kingdom
548682,72789,Unknown product,-2,2011-04-01 16:44:00,0.0,,United Kingdom
548683,72801G,Unknown product,47,2011-04-01 16:45:00,0.0,,United Kingdom
548684,72798C,Unknown product,-2,2011-04-01 16:46:00,0.0,,United Kingdom
548685,85018B,Unknown product,-2,2011-04-01 16:47:00,0.0,,United Kingdom
548693,22720,Unknown product,-60,2011-04-01 17:25:00,0.0,,United Kingdom
548694,22720,Unknown product,10,2011-04-01 17:28:00,0.0,,United Kingdom
548871,22162,HEART GARLAND RUSTIC PADDED,2,2011-04-04 14:42:00,0.0,14410.0,United Kingdom
548886,85118,Unknown product,-6,2011-04-04 15:23:00,0.0,,United Kingdom
548887,35824B,Unknown product,-8,2011-04-04 15:24:00,0.0,,United Kingdom
548888,84726,Unknown product,-14,2011-04-04 15:25:00,0.0,,United Kingdom
548889,84875A,Unknown product,-17,2011-04-04 15:26:00,0.0,,United Kingdom
548890,84876C,Unknown product,-19,2011-04-04 15:26:00,0.0,,United Kingdom
548897,47570B,Unknown product,-70,2011-04-04 16:22:00,0.0,,United Kingdom
548980,22114,Unknown product,-194,2011-04-05 12:21:00,0.0,,United Kingdom
548986,21210,Unknown product,-177,2011-04-05 12:46:00,0.0,,United Kingdom
548989,72799F,Unknown product,-46,2011-04-05 13:19:00,0.0,,United Kingdom
548997,84507B,Unknown product,20,2011-04-05 14:33:00,0.0,,United Kingdom
548998,84741C,Unknown product,8,2011-04-05 14:34:00,0.0,,United Kingdom
548999,84743C,damages,-26,2011-04-05 14:34:00,0.0,,United Kingdom
549000,35972,Unknown product,-45,2011-04-05 14:35:00,0.0,,United Kingdom
549001,84845D,Unknown product,-5,2011-04-05 14:35:00,0.0,,United Kingdom
549002,21278,Unknown product,17,2011-04-05 14:36:00,0.0,,United Kingdom
549003,21279,Unknown product,14,2011-04-05 14:36:00,0.0,,United Kingdom
549004,21274,Unknown product,-3,2011-04-05 14:37:00,0.0,,United Kingdom
549005,16020C,Unknown product,-5,2011-04-05 14:37:00,0.0,,United Kingdom
549006,84508B,Unknown product,-23,2011-04-05 14:38:00,0.0,,United Kingdom
549008,21281,Unknown product,-31,2011-04-05 14:38:00,0.0,,United Kingdom
549009,21474,Unknown product,-8,2011-04-05 14:39:00,0.0,,United Kingdom
549010,21684,Unknown product,-62,2011-04-05 14:39:00,0.0,,United Kingdom
549011,62096B,Unknown product,-8,2011-04-05 14:41:00,0.0,,United Kingdom
549028,84569A,Unknown product,-18,2011-04-05 17:02:00,0.0,,United Kingdom
549029,84569B,Unknown product,-17,2011-04-05 17:03:00,0.0,,United Kingdom
549030,84520B,Unknown product,-61,2011-04-05 17:03:00,0.0,,United Kingdom
549031,10134,Unknown product,-19,2011-04-05 17:04:00,0.0,,United Kingdom
549032,20778,Unknown product,-6,2011-04-05 17:06:00,0.0,,United Kingdom
549033,16254,Unknown product,-5,2011-04-05 17:08:00,0.0,,United Kingdom
549034,16248B,Unknown product,2,2011-04-05 17:08:00,0.0,,United Kingdom
549035,72051S,Unknown product,-15,2011-04-05 17:09:00,0.0,,United Kingdom
549036,84993B,Unknown product,-54,2011-04-05 17:09:00,0.0,,United Kingdom
549037,84569C,Unknown product,-37,2011-04-05 17:09:00,0.0,,United Kingdom
549038,84569D,Unknown product,-70,2011-04-05 17:10:00,0.0,,United Kingdom
549042,21681,Unknown product,-2,2011-04-05 17:24:00,0.0,,United Kingdom
549043,84990,Unknown product,-24,2011-04-05 17:26:00,0.0,,United Kingdom
549100,21484,CHICK GREY HOT WATER BOTTLE,1,2011-04-06 11:14:00,0.0,,United Kingdom
549103,82494L,Unknown product,167,2011-04-06 11:39:00,0.0,,United Kingdom
549132,20756,Unknown product,-70,2011-04-06 15:22:00,0.0,,United Kingdom
549133,20759,Unknown product,-52,2011-04-06 15:22:00,0.0,,United Kingdom
549134,20758,Unknown product,-54,2011-04-06 15:22:00,0.0,,United Kingdom
549135,20760,Unknown product,31,2011-04-06 15:23:00,0.0,,United Kingdom
549136,21414,Unknown product,-3,2011-04-06 15:23:00,0.0,,United Kingdom
549137,84459B,Unknown product,-7,2011-04-06 15:24:00,0.0,,United Kingdom
549138,22988,Unknown product,12,2011-04-06 15:25:00,0.0,,United Kingdom
549139,22988,Unknown product,-91,2011-04-06 15:26:00,0.0,,United Kingdom
549140,35819B,Unknown product,7,2011-04-06 15:26:00,0.0,,United Kingdom
549141,35819B,Unknown product,70,2011-04-06 15:26:00,0.0,,United Kingdom
549142,35650,Unknown product,-24,2011-04-06 15:26:00,0.0,,United Kingdom
549143,84597C,Unknown product,-17,2011-04-06 15:27:00,0.0,,United Kingdom
549144,21416,Unknown product,-14,2011-04-06 15:28:00,0.0,,United Kingdom
549145,21421,Unknown product,26,2011-04-06 15:28:00,0.0,,United Kingdom
549146,85017A,Unknown product,-10,2011-04-06 15:29:00,0.0,,United Kingdom
549147,20773,Unknown product,-4,2011-04-06 15:30:00,0.0,,United Kingdom
549149,35649,Unknown product,-43,2011-04-06 15:31:00,0.0,,United Kingdom
549150,79336,Unknown product,-47,2011-04-06 15:32:00,0.0,,United Kingdom
549151,21664,Unknown product,20,2011-04-06 15:33:00,0.0,,United Kingdom
549156,17013D,Unknown product,-9,2011-04-06 17:11:00,0.0,,United Kingdom
549157,21511,Unknown product,-9,2011-04-06 17:13:00,0.0,,United Kingdom
549158,21910,Unknown product,-1,2011-04-06 17:13:00,0.0,,United Kingdom
549159,22052,Unknown product,-25,2011-04-06 17:14:00,0.0,,United Kingdom
549160,81953P,Unknown product,-7,2011-04-06 17:15:00,0.0,,United Kingdom
549161,21518,Unknown product,-31,2011-04-06 17:15:00,0.0,,United Kingdom
549163,84247L,Unknown product,8,2011-04-06 17:18:00,0.0,,United Kingdom
549164,16169P,Unknown product,-75,2011-04-06 17:20:00,0.0,,United Kingdom
549165,35815P,Unknown product,-63,2011-04-06 17:20:00,0.0,,United Kingdom
549166,44265,Unknown product,3,2011-04-06 17:21:00,0.0,,United Kingdom
549167,84846A,Unknown product,-8,2011-04-06 17:24:00,0.0,,United Kingdom
549168,21161,Unknown product,-10,2011-04-06 17:24:00,0.0,,United Kingdom
549170,82545A,Unknown product,-4,2011-04-06 17:25:00,0.0,,United Kingdom
549171,84251F,Unknown product,-2,2011-04-06 17:26:00,0.0,,United Kingdom
549172,21637,Unknown product,-139,2011-04-06 17:27:00,0.0,,United Kingdom
549173,84218,Unknown product,-2,2011-04-06 17:28:00,0.0,,United Kingdom
549174,21160,Unknown product,-7,2011-04-06 17:30:00,0.0,,United Kingdom
549175,21171,Unknown product,-30,2011-04-06 17:30:00,0.0,,United Kingdom
549176,35603B,Unknown product,-12,2011-04-06 17:31:00,0.0,,United Kingdom
549177,20821,Unknown product,9,2011-04-06 17:32:00,0.0,,United Kingdom
549178,47502,Unknown product,-19,2011-04-06 17:33:00,0.0,,United Kingdom
549179,84007,Unknown product,-3,2011-04-06 17:34:00,0.0,,United Kingdom
549180,84522,Unknown product,-30,2011-04-06 17:34:00,0.0,,United Kingdom
549244,79331,Unknown product,-3,2011-04-07 11:53:00,0.0,,United Kingdom
549264,21337,Unknown product,-21,2011-04-07 12:45:00,0.0,,United Kingdom
549266,84593,Unknown product,-5,2011-04-07 12:45:00,0.0,,United Kingdom
549267,46037A,Unknown product,-5,2011-04-07 12:46:00,0.0,,United Kingdom
549268,84856S,Unknown product,-7,2011-04-07 12:47:00,0.0,,United Kingdom
549270,84856L,Unknown product,-27,2011-04-07 12:48:00,0.0,,United Kingdom
549271,62096B,Unknown product,-2,2011-04-07 12:48:00,0.0,,United Kingdom
549326,21738,Unknown product,-5,2011-04-08 10:45:00,0.0,,United Kingdom
549327,84912A,Unknown product,70,2011-04-08 10:46:00,0.0,,United Kingdom
549328,51008,Unknown product,-110,2011-04-08 10:49:00,0.0,,United Kingdom
549329,84989A,Unknown product,-1,2011-04-08 10:49:00,0.0,,United Kingdom
549330,84251J,Unknown product,-28,2011-04-08 10:53:00,0.0,,United Kingdom
549331,40018F,Unknown product,-22,2011-04-08 10:54:00,0.0,,United Kingdom
549332,84864A,Unknown product,-2,2011-04-08 10:55:00,0.0,,United Kingdom
549340,20774,Unknown product,-11,2011-04-08 11:02:00,0.0,,United Kingdom
549342,35818B,Unknown product,-53,2011-04-08 11:06:00,0.0,,United Kingdom
549343,72815,Unknown product,-3,2011-04-08 11:07:00,0.0,,United Kingdom
549344,21825,Unknown product,-14,2011-04-08 11:08:00,0.0,,United Kingdom
549345,20748,Unknown product,12,2011-04-08 11:10:00,0.0,,United Kingdom
549346,22033,Unknown product,-50,2011-04-08 11:10:00,0.0,,United Kingdom
549347,35914,Unknown product,10,2011-04-08 11:11:00,0.0,,United Kingdom
549348,84251B,Unknown product,-60,2011-04-08 11:13:00,0.0,,United Kingdom
549349,10123G,Unknown product,-38,2011-04-08 11:13:00,0.0,,United Kingdom
549350,84597B,Unknown product,-13,2011-04-08 11:14:00,0.0,,United Kingdom
549351,85006,Unknown product,-21,2011-04-08 11:14:00,0.0,,United Kingdom
549355,84899F,Unknown product,-5,2011-04-08 11:21:00,0.0,,United Kingdom
549371,84921,Unknown product,-17,2011-04-08 11:27:00,0.0,,United Kingdom
549373,85008,Unknown product,-2,2011-04-08 11:28:00,0.0,,United Kingdom
549374,20775,Unknown product,-29,2011-04-08 11:29:00,0.0,,United Kingdom
549375,20863,Unknown product,-6,2011-04-08 11:29:00,0.0,,United Kingdom
549376,17014A,Unknown product,11,2011-04-08 11:29:00,0.0,,United Kingdom
549426,22078,Unknown product,-201,2011-04-08 11:55:00,0.0,,United Kingdom
549427,22797,damages,-12,2011-04-08 11:56:00,0.0,,United Kingdom
549453,84857C,Unknown product,24,2011-04-08 14:18:00,0.0,,United Kingdom
549454,84858C,Unknown product,46,2011-04-08 14:18:00,0.0,,United Kingdom
549455,84858C,Unknown product,-10,2011-04-08 14:18:00,0.0,,United Kingdom
549456,47341A,Unknown product,-6,2011-04-08 14:19:00,0.0,,United Kingdom
549457,47344B,Unknown product,-16,2011-04-08 14:19:00,0.0,,United Kingdom
549458,62097B,Unknown product,-6,2011-04-08 14:19:00,0.0,,United Kingdom
549459,62043B,Unknown product,7,2011-04-08 14:20:00,0.0,,United Kingdom
549460,20716,Unknown product,-82,2011-04-08 14:20:00,0.0,,United Kingdom
549461,20731,Unknown product,-16,2011-04-08 14:20:00,0.0,,United Kingdom
549462,84910A,Unknown product,-16,2011-04-08 14:21:00,0.0,,United Kingdom
549463,84919,Unknown product,-17,2011-04-08 14:21:00,0.0,,United Kingdom
549464,20701,Unknown product,-6,2011-04-08 14:21:00,0.0,,United Kingdom
549465,84415B,Unknown product,-5,2011-04-08 14:22:00,0.0,,United Kingdom
549466,20816,Unknown product,-11,2011-04-08 14:22:00,0.0,,United Kingdom
549470,46775D,Unknown product,-8,2011-04-08 14:28:00,0.0,,United Kingdom
549489,85146,Unknown product,8,2011-04-08 15:05:00,0.0,,United Kingdom
549492,21736,Unknown product,5,2011-04-08 15:06:00,0.0,,United Kingdom
549494,22168,Unknown product,6,2011-04-08 15:06:00,0.0,,United Kingdom
549497,21527,Unknown product,3,2011-04-08 15:06:00,0.0,,United Kingdom
549498,22847,Unknown product,1,2011-04-08 15:06:00,0.0,,United Kingdom
549500,79321,Unknown product,1,2011-04-08 15:06:00,0.0,,United Kingdom
549502,84459B,Unknown product,1,2011-04-08 15:07:00,0.0,,United Kingdom
549506,22415,Unknown product,-31,2011-04-08 15:07:00,0.0,,United Kingdom
549510,84559B,Unknown product,-158,2011-04-08 15:08:00,0.0,,United Kingdom
549514,20820,Unknown product,-3,2011-04-08 15:09:00,0.0,,United Kingdom
549527,21620,mystery! Only ever imported 1800,-1479,2011-04-08 16:03:00,0.0,,United Kingdom
549528,21422,Unknown product,-55,2011-04-08 16:44:00,0.0,,United Kingdom
549529,21830,"MERCHANT CHANDLER CREDIT ERROR, STO",-576,2011-04-08 16:56:00,0.0,,United Kingdom
549531,21622,POSSIBLE DAMAGES OR LOST?,-750,2011-04-08 17:05:00,0.0,,United Kingdom
549695,84751B,Unknown product,-24,2011-04-11 13:50:00,0.0,,United Kingdom
549846,21100,Damaged,-6,2011-04-12 14:30:00,0.0,,United Kingdom
549848,84531A,Unknown product,-34,2011-04-12 14:51:00,0.0,,United Kingdom
549849,84531B,Unknown product,-23,2011-04-12 14:51:00,0.0,,United Kingdom
549935,35915C,damaged,-43,2011-04-13 11:16:00,0.0,,United Kingdom
549948,37488A,damaged,-1,2011-04-13 12:55:00,0.0,,United Kingdom
549950,37487B,Damaged,-6,2011-04-13 12:57:00,0.0,,United Kingdom
549952,37482P,Damaged,-93,2011-04-13 13:05:00,0.0,,United Kingdom
550133,85099F,Unknown product,-1092,2011-04-14 13:49:00,0.0,,United Kingdom
550153,85167B,DAMAGED,-1,2011-04-14 14:44:00,0.0,,United Kingdom
550188,22636,CHILDS BREAKFAST SET CIRCUS PARADE,1,2011-04-14 18:57:00,0.0,12457.0,Switzerland
550460,47556B,did  a credit  and did not tick ret,1300,2011-04-18 13:18:00,0.0,,United Kingdom
550501,35915C,Unknown product,30,2011-04-18 15:28:00,0.0,,United Kingdom
550502,84535A,Unknown product,320,2011-04-18 15:29:00,0.0,,United Kingdom
550753,84763,Display,-150,2011-04-20 11:53:00,0.0,,United Kingdom
550757,16202B,Unknown product,-9,2011-04-20 12:08:00,0.0,,United Kingdom
550758,85017A,Unknown product,-8,2011-04-20 12:09:00,0.0,,United Kingdom
550759,21087,Unknown product,-7,2011-04-20 12:09:00,0.0,,United Kingdom
550760,84750B,Unknown product,-4,2011-04-20 12:09:00,0.0,,United Kingdom
550761,84388,Unknown product,6,2011-04-20 12:10:00,0.0,,United Kingdom
550762,85030,Unknown product,-9,2011-04-20 12:10:00,0.0,,United Kingdom
550763,84666,Unknown product,-5,2011-04-20 12:11:00,0.0,,United Kingdom
550800,22458,Missing,-65,2011-04-20 14:48:00,0.0,,United Kingdom
550815,85027L,Unknown product,8,2011-04-20 16:42:00,0.0,,United Kingdom
550908,20827,damages,-68,2011-04-21 12:39:00,0.0,,United Kingdom
550922,22784,damages,-25,2011-04-21 14:29:00,0.0,,United Kingdom
550926,22469,Unknown product,8,2011-04-21 14:39:00,0.0,,United Kingdom
550927,84990,Unknown product,1,2011-04-21 14:40:00,0.0,,United Kingdom
550928,22867,Unknown product,3,2011-04-21 14:41:00,0.0,,United Kingdom
550929,22470,Unknown product,2,2011-04-21 14:41:00,0.0,,United Kingdom
550930,22988,Unknown product,2,2011-04-21 14:41:00,0.0,,United Kingdom
550943,21316,Unknown product,-5,2011-04-21 15:51:00,0.0,,United Kingdom
550945,79329,Unknown product,-2,2011-04-21 15:52:00,0.0,,United Kingdom
550947,21319,adjustment,3,2011-04-21 15:55:00,0.0,,United Kingdom
550948,17109D,Adjustment,14,2011-04-21 15:56:00,0.0,,United Kingdom
550950,17091A,found,84,2011-04-21 16:14:00,0.0,,United Kingdom
550951,84531A,returned,2,2011-04-21 16:15:00,0.0,,United Kingdom
550952,84531B,returned,2,2011-04-21 16:16:00,0.0,,United Kingdom
550954,47013A,damaged,-2,2011-04-21 16:18:00,0.0,,United Kingdom
550970,82599,Unknown product,-11,2011-04-21 17:02:00,0.0,,United Kingdom
550975,20941,Unknown product,20,2011-04-21 17:28:00,0.0,,United Kingdom
550976,84921,Unknown product,6,2011-04-21 17:28:00,0.0,,United Kingdom
550977,85200,Unknown product,6,2011-04-21 17:29:00,0.0,,United Kingdom
550979,85145,Unknown product,9,2011-04-21 17:31:00,0.0,,United Kingdom
550980,21445,Unknown product,1,2011-04-21 17:31:00,0.0,,United Kingdom
550981,21911,Unknown product,1,2011-04-21 17:32:00,0.0,,United Kingdom
550982,22632,Unknown product,5,2011-04-21 17:33:00,0.0,,United Kingdom
550983,22866,Unknown product,4,2011-04-21 17:34:00,0.0,,United Kingdom
550984,85008,Unknown product,1,2011-04-21 17:35:00,0.0,,United Kingdom
550985,22777,Unknown product,4,2011-04-21 17:40:00,0.0,,United Kingdom
551019,22467,wrong code?,-100,2011-04-26 11:19:00,0.0,,United Kingdom
551020,22719,wrong code,-110,2011-04-26 11:19:00,0.0,,United Kingdom
551126,82483,Unknown product,18,2011-04-26 12:47:00,0.0,,United Kingdom
551168,85068,Unknown product,-4,2011-04-26 16:06:00,0.0,,United Kingdom
551201,16015,Unknown product,-620,2011-04-27 11:33:00,0.0,,United Kingdom
551240,51020A,adjustment,41,2011-04-27 11:48:00,0.0,,United Kingdom
551243,51020B,adjust,-53,2011-04-27 11:49:00,0.0,,United Kingdom
551302,48189,damaged,-18,2011-04-27 14:55:00,0.0,,United Kingdom
551304,48189,adjustment,2,2011-04-27 14:56:00,0.0,,United Kingdom
551318,21898,Unknown product,60,2011-04-27 15:25:00,0.0,,United Kingdom
551319,22459,Unknown product,65,2011-04-27 15:25:00,0.0,,United Kingdom
551320,21897,Unknown product,60,2011-04-27 15:25:00,0.0,,United Kingdom
551321,22719,Unknown product,36,2011-04-27 15:26:00,0.0,,United Kingdom
551322,85099F,Unknown product,101,2011-04-27 15:28:00,0.0,,United Kingdom
551323,21398,damages,-9,2011-04-27 15:31:00,0.0,,United Kingdom
551324,85017C,Found,13,2011-04-27 15:47:00,0.0,,United Kingdom
551326,85017A,Unknown product,-2,2011-04-27 15:51:00,0.0,,United Kingdom
551327,84228,crushed,-4,2011-04-27 16:01:00,0.0,,United Kingdom
551328,21320,Unknown product,-23,2011-04-27 16:08:00,0.0,,United Kingdom
551394,16015,Unknown product,400,2011-04-28 12:37:00,0.0,,United Kingdom
551422,22084,Unknown product,-150,2011-04-28 14:11:00,0.0,,United Kingdom
551429,10002,Unknown product,-3,2011-04-28 15:05:00,0.0,,United Kingdom
551430,20966,Unknown product,-3,2011-04-28 15:06:00,0.0,,United Kingdom
551431,44091A,Unknown product,-2,2011-04-28 15:06:00,0.0,,United Kingdom
551432,21923,Unknown product,-5,2011-04-28 15:06:00,0.0,,United Kingdom
551433,21784,Unknown product,-2,2011-04-28 15:07:00,0.0,,United Kingdom
551434,20896,Unknown product,-5,2011-04-28 15:07:00,0.0,,United Kingdom
551435,20825,Unknown product,-5,2011-04-28 15:08:00,0.0,,United Kingdom
551441,85136B,Unknown product,-4,2011-04-28 15:50:00,0.0,,United Kingdom
551442,85060,Unknown product,-4,2011-04-28 15:50:00,0.0,,United Kingdom
551443,35920,Unknown product,-4,2011-04-28 15:51:00,0.0,,United Kingdom
551444,35809B,Unknown product,-4,2011-04-28 15:58:00,0.0,,United Kingdom
551446,35594,Unknown product,-4,2011-04-28 15:58:00,0.0,,United Kingdom
551447,35004C,Unknown product,-4,2011-04-28 15:59:00,0.0,,United Kingdom
551448,22734,Unknown product,-4,2011-04-28 15:59:00,0.0,,United Kingdom
551449,22525,Unknown product,-4,2011-04-28 16:00:00,0.0,,United Kingdom
551450,21410,Unknown product,-4,2011-04-28 16:00:00,0.0,,United Kingdom
551451,21330,Unknown product,-4,2011-04-28 16:01:00,0.0,,United Kingdom
551452,84715,Unknown product,-3,2011-04-28 16:01:00,0.0,,United Kingdom
551453,82494L,Unknown product,-3,2011-04-28 16:01:00,0.0,,United Kingdom
551454,78027,Unknown product,-3,2011-04-28 16:02:00,0.0,,United Kingdom
551455,37333,Unknown product,-1,2011-04-28 16:03:00,0.0,,United Kingdom
551456,22795,Unknown product,-3,2011-04-28 16:03:00,0.0,,United Kingdom
551457,22719,Unknown product,-3,2011-04-28 16:04:00,0.0,,United Kingdom
551458,22451,Unknown product,3,2011-04-28 16:04:00,0.0,,United Kingdom
551459,22173,Unknown product,-30,2011-04-28 16:04:00,0.0,,United Kingdom
551460,22173,Unknown product,27,2011-04-28 16:05:00,0.0,,United Kingdom
551461,21806,Unknown product,-3,2011-04-28 16:05:00,0.0,,United Kingdom
551553,22521,Unknown product,-90,2011-05-03 10:15:00,0.0,,United Kingdom
551554,22720,Unknown product,-4,2011-05-03 10:19:00,0.0,,United Kingdom
551565,85135A,Unknown product,-7,2011-05-03 11:10:00,0.0,,United Kingdom
551567,21269,Unknown product,13,2011-05-03 11:12:00,0.0,,United Kingdom
551568,21038,Unknown product,-6,2011-05-03 11:12:00,0.0,,United Kingdom
551569,85226C,Unknown product,-6,2011-05-03 11:13:00,0.0,,United Kingdom
551570,85189,Unknown product,-6,2011-05-03 11:13:00,0.0,,United Kingdom
551571,47591A,Unknown product,-6,2011-05-03 11:14:00,0.0,,United Kingdom
551572,37424,Unknown product,-6,2011-05-03 11:15:00,0.0,,United Kingdom
551573,22726,Unknown product,-5,2011-05-03 11:15:00,0.0,,United Kingdom
551574,21692,Unknown product,-6,2011-05-03 11:16:00,0.0,,United Kingdom
551575,21412,Unknown product,-6,2011-05-03 11:16:00,0.0,,United Kingdom
551577,90100,Unknown product,-5,2011-05-03 11:19:00,0.0,,United Kingdom
551578,90037D,Unknown product,-5,2011-05-03 11:19:00,0.0,,United Kingdom
551579,85098B,Unknown product,-5,2011-05-03 11:20:00,0.0,,United Kingdom
551580,85084,Unknown product,-5,2011-05-03 11:20:00,0.0,,United Kingdom
551581,84873A,Unknown product,5,2011-05-03 11:20:00,0.0,,United Kingdom
551582,84857A,Unknown product,-5,2011-05-03 11:21:00,0.0,,United Kingdom
551583,84482,Unknown product,-5,2011-05-03 11:21:00,0.0,,United Kingdom
551586,21120,Unknown product,-6,2011-05-03 11:24:00,0.0,,United Kingdom
551589,21854,Unknown product,-2,2011-05-03 11:30:00,0.0,,United Kingdom
551663,84548,Unknown product,-70,2011-05-03 12:34:00,0.0,,United Kingdom
551664,20933,Unknown product,-3,2011-05-03 12:34:00,0.0,,United Kingdom
551666,84750A,Unknown product,-10,2011-05-03 12:35:00,0.0,,United Kingdom
551667,84539,Unknown product,6,2011-05-03 12:36:00,0.0,,United Kingdom
551668,22444,Unknown product,-10,2011-05-03 12:37:00,0.0,,United Kingdom
551669,21355,Unknown product,90,2011-05-03 12:38:00,0.0,,United Kingdom
551671,20734,Unknown product,-10,2011-05-03 12:38:00,0.0,,United Kingdom
551672,84631,Unknown product,-4,2011-05-03 12:39:00,0.0,,United Kingdom
551673,79192A,Unknown product,-9,2011-05-03 12:39:00,0.0,,United Kingdom
551689,22625,Unknown product,-9,2011-05-03 13:35:00,0.0,,United Kingdom
551690,21143,Unknown product,-9,2011-05-03 13:35:00,0.0,,United Kingdom
551691,18098C,Unknown product,10,2011-05-03 13:36:00,0.0,,United Kingdom
551692,84685,Unknown product,14,2011-05-03 13:36:00,0.0,,United Kingdom
551694,47589,Unknown product,2,2011-05-03 13:36:00,0.0,,United Kingdom
551695,22467,Unknown product,-8,2011-05-03 13:37:00,0.0,,United Kingdom
551700,85144,Unknown product,-38,2011-05-03 14:13:00,0.0,,United Kingdom
551701,84683,Unknown product,-2,2011-05-03 14:15:00,0.0,,United Kingdom
551704,22656,Unknown product,-2,2011-05-03 14:33:00,0.0,,United Kingdom
551705,22655,damages/showroom etc,-11,2011-05-03 14:35:00,0.0,,United Kingdom
551722,20975,Unknown product,-170,2011-05-03 16:50:00,0.0,,United Kingdom
551723,22136,Unknown product,-23,2011-05-03 16:51:00,0.0,,United Kingdom
551735,21656,samples,-19,2011-05-04 10:25:00,0.0,,United Kingdom
551837,79164,damages/credits from ASOS.,-1512,2011-05-04 13:23:00,0.0,,United Kingdom
551838,35609A,Unknown product,-51,2011-05-04 13:31:00,0.0,,United Kingdom
551900,20778,Unknown product,2,2011-05-05 10:45:00,0.0,,United Kingdom
551964,20851,Unknown product,1,2011-05-05 13:13:00,0.0,,United Kingdom
551965,21429,Unknown product,1,2011-05-05 13:13:00,0.0,,United Kingdom
552050,84916,Unknown product,-32,2011-05-06 10:08:00,0.0,,United Kingdom
552052,84917,Unknown product,-8,2011-05-06 10:10:00,0.0,,United Kingdom
552175,23200,mailout,100,2011-05-06 13:25:00,0.0,,United Kingdom
552177,23202,mailout,100,2011-05-06 13:28:00,0.0,,United Kingdom
552178,23203,mailout,100,2011-05-06 13:29:00,0.0,,United Kingdom
552187,23209,mailout,100,2011-05-06 13:59:00,0.0,,United Kingdom
552214,84872A,Unknown product,-12,2011-05-06 15:11:00,0.0,,United Kingdom
552215,17096,Unknown product,-41,2011-05-06 15:12:00,0.0,,United Kingdom
552216,21363,Unknown product,-19,2011-05-06 15:12:00,0.0,,United Kingdom
552218,84406B,Unknown product,-38,2011-05-06 15:15:00,0.0,,United Kingdom
552219,22073,Unknown product,-56,2011-05-06 15:16:00,0.0,,United Kingdom
552220,22202,Unknown product,1,2011-05-06 15:20:00,0.0,,United Kingdom
552221,21043,Unknown product,-38,2011-05-06 15:20:00,0.0,,United Kingdom
552222,21974,Unknown product,-45,2011-05-06 15:22:00,0.0,,United Kingdom
552223,22524,Unknown product,-49,2011-05-06 15:24:00,0.0,,United Kingdom
552224,84766,Unknown product,-37,2011-05-06 15:25:00,0.0,,United Kingdom
552225,22775,Unknown product,-40,2011-05-06 15:26:00,0.0,,United Kingdom
552226,22035,Unknown product,-160,2011-05-06 15:26:00,0.0,,United Kingdom
552227,84596J,Unknown product,70,2011-05-06 15:27:00,0.0,,United Kingdom
552228,84912B,Unknown product,-93,2011-05-06 15:29:00,0.0,,United Kingdom
552230,20735,BLACK MINI TAPE MEASURE,1,2011-05-06 15:43:00,0.0,,United Kingdom
552230,22617,BAKING SET SPACEBOY DESIGN,1,2011-05-06 15:43:00,0.0,,United Kingdom
552230,37327,ASSTD MULTICOLOUR CIRCLES MUG,1,2011-05-06 15:43:00,0.0,,United Kingdom
552230,84375,SET OF 20 KIDS COOKIE CUTTERS,1,2011-05-06 15:43:00,0.0,,United Kingdom
552230,84969,BOX OF 6 ASSORTED COLOUR TEASPOONS,1,2011-05-06 15:43:00,0.0,,United Kingdom
552230,DOT,DOTCOM POSTAGE,1,2011-05-06 15:43:00,0.0,,United Kingdom
552331,22667,damaged,-30,2011-05-09 10:24:00,0.0,,United Kingdom
552443,22796,Not rcvd in 10/11/2010 delivery,-360,2011-05-09 13:05:00,0.0,,United Kingdom
552527,20964,Unknown product,2,2011-05-09 16:48:00,0.0,,United Kingdom
552653,22926,Unknown product,-48,2011-05-10 14:12:00,0.0,,United Kingdom
552733,23059,Thrown away-rusty,-2376,2011-05-11 10:48:00,0.0,,United Kingdom
552763,21137,Unknown product,-25,2011-05-11 11:33:00,0.0,,United Kingdom
552766,22084,Unknown product,-56,2011-05-11 11:41:00,0.0,,United Kingdom
552767,79164,Unknown product,-47,2011-05-11 11:42:00,0.0,,United Kingdom
552768,22087,Unknown product,-26,2011-05-11 11:43:00,0.0,,United Kingdom
552979,35970,Unknown product,-217,2011-05-12 14:49:00,0.0,,United Kingdom
553000,47566,PARTY BUNTING,4,2011-05-12 15:21:00,0.0,17667.0,United Kingdom
553041,22521,Unknown product,-9,2011-05-13 09:01:00,0.0,,United Kingdom
553147,84879,damaged,-160,2011-05-13 13:58:00,0.0,,United Kingdom
553163,22726,Unknown product,1,2011-05-13 16:10:00,0.0,,United Kingdom
553349,22719,Unknown product,1,2011-05-16 13:31:00,0.0,,United Kingdom
553391,37370,sold as set/6 by dotcom,-786,2011-05-16 16:42:00,0.0,,United Kingdom
553394,15058A,wet/rusty,-30,2011-05-16 16:47:00,0.0,,United Kingdom
553395,15058C,wet/rusty,-30,2011-05-16 16:47:00,0.0,,United Kingdom
553396,22423,damages,-21,2011-05-16 16:48:00,0.0,,United Kingdom
553398,37370,damages/dotcom?,-590,2011-05-16 17:07:00,0.0,,United Kingdom
553399,84789,Unknown product,-2,2011-05-16 17:08:00,0.0,,United Kingdom
553400,20803,damages,-40,2011-05-16 17:09:00,0.0,,United Kingdom
553401,22060,Unknown product,-16,2011-05-16 17:10:00,0.0,,United Kingdom
553413,21259,Unknown product,-51,2011-05-17 09:45:00,0.0,,United Kingdom
553480,21143,Unknown product,24,2011-05-17 11:51:00,0.0,,United Kingdom
553481,21181,on cargo order,192,2011-05-17 12:06:00,0.0,,United Kingdom
553521,85099F,JUMBO BAG STRAWBERRY,1,2011-05-17 14:35:00,0.0,,United Kingdom
553521,48184,DOORMAT ENGLISH ROSE,1,2011-05-17 14:35:00,0.0,,United Kingdom
553521,22692,DOORMAT WELCOME TO OUR HOME,1,2011-05-17 14:35:00,0.0,,United Kingdom
553521,22684,FRENCH BLUE METAL DOOR SIGN 9,2,2011-05-17 14:35:00,0.0,,United Kingdom
553521,22682,FRENCH BLUE METAL DOOR SIGN 7,3,2011-05-17 14:35:00,0.0,,United Kingdom
553521,22686,FRENCH BLUE METAL DOOR SIGN No,11,2011-05-17 14:35:00,0.0,,United Kingdom
553521,22683,FRENCH BLUE METAL DOOR SIGN 8,5,2011-05-17 14:35:00,0.0,,United Kingdom
553521,22679,FRENCH BLUE METAL DOOR SIGN 4,4,2011-05-17 14:35:00,0.0,,United Kingdom
553521,22678,FRENCH BLUE METAL DOOR SIGN 3,5,2011-05-17 14:35:00,0.0,,United Kingdom
553521,22680,FRENCH BLUE METAL DOOR SIGN 5,2,2011-05-17 14:35:00,0.0,,United Kingdom
553521,22677,FRENCH BLUE METAL DOOR SIGN 2,4,2011-05-17 14:35:00,0.0,,United Kingdom
553521,22676,FRENCH BLUE METAL DOOR SIGN 1,2,2011-05-17 14:35:00,0.0,,United Kingdom
553521,22666,RECIPE BOX PANTRY YELLOW DESIGN,1,2011-05-17 14:35:00,0.0,,United Kingdom
553521,22665,RECIPE BOX BLUE SKETCHBOOK DESIGN,2,2011-05-17 14:35:00,0.0,,United Kingdom
553521,22649,STRAWBERRY FAIRY CAKE TEAPOT,1,2011-05-17 14:35:00,0.0,,United Kingdom
553521,22646,CERAMIC STRAWBERRY CAKE MONEY BANK,1,2011-05-17 14:35:00,0.0,,United Kingdom
553521,22644,CERAMIC CHERRY CAKE MONEY BANK,1,2011-05-17 14:35:00,0.0,,United Kingdom
553521,22645,CERAMIC HEART FAIRY CAKE MONEY BANK,1,2011-05-17 14:35:00,0.0,,United Kingdom
553521,22637,PIGGY BANK RETROSPOT,2,2011-05-17 14:35:00,0.0,,United Kingdom
553521,22626,BLACK KITCHEN SCALES,1,2011-05-17 14:35:00,0.0,,United Kingdom
553521,22559,SEASIDE FLYING DISC,1,2011-05-17 14:35:00,0.0,,United Kingdom
553521,22524,CHILDRENS GARDEN GLOVES BLUE,1,2011-05-17 14:35:00,0.0,,United Kingdom
553521,22520,CHILDS GARDEN TROWEL BLUE,1,2011-05-17 14:35:00,0.0,,United Kingdom
553521,22518,CHILDS GARDEN BRUSH BLUE,1,2011-05-17 14:35:00,0.0,,United Kingdom
553521,22519,CHILDS GARDEN BRUSH PINK,1,2011-05-17 14:35:00,0.0,,United Kingdom
553521,22515,CHILDS GARDEN SPADE PINK,1,2011-05-17 14:35:00,0.0,,United Kingdom
553521,22514,CHILDS GARDEN SPADE BLUE,2,2011-05-17 14:35:00,0.0,,United Kingdom
553521,22430,ENAMEL WATERING CAN CREAM,1,2011-05-17 14:35:00,0.0,,United Kingdom
553521,22427,ENAMEL FLOWER JUG CREAM,1,2011-05-17 14:35:00,0.0,,United Kingdom
553521,22414,DOORMAT NEIGHBOURHOOD WITCH,1,2011-05-17 14:35:00,0.0,,United Kingdom
553521,22365,DOORMAT RESPECTABLE HOUSE,1,2011-05-17 14:35:00,0.0,,United Kingdom
553521,22363,GLASS JAR MARMALADE,1,2011-05-17 14:35:00,0.0,,United Kingdom
553521,22362,GLASS JAR PEACOCK BATH SALTS,1,2011-05-17 14:35:00,0.0,,United Kingdom
553521,22359,GLASS JAR KINGS CHOICE,1,2011-05-17 14:35:00,0.0,,United Kingdom
553521,22356,CHARLOTTE BAG PINK POLKADOT,1,2011-05-17 14:35:00,0.0,,United Kingdom
553521,22301,COFFEE MUG CAT + BIRD DESIGN,1,2011-05-17 14:35:00,0.0,,United Kingdom
553521,22203,MILK PAN RED RETROSPOT,1,2011-05-17 14:35:00,0.0,,United Kingdom
553521,21889,WOODEN BOX OF DOMINOES,1,2011-05-17 14:35:00,0.0,,United Kingdom
553521,21116,OWL DOORSTOP,1,2011-05-17 14:35:00,0.0,,United Kingdom
553539,22425,ENAMEL COLANDER CREAM,1,2011-05-17 15:27:00,0.0,,United Kingdom
553539,22414,DOORMAT NEIGHBOURHOOD WITCH,1,2011-05-17 15:27:00,0.0,,United Kingdom
553539,22301,COFFEE MUG CAT + BIRD DESIGN,1,2011-05-17 15:27:00,0.0,,United Kingdom
553539,22201,FRYING PAN BLUE POLKADOT,1,2011-05-17 15:27:00,0.0,,United Kingdom
553539,21922,UNION STRIPE WITH FRINGE  HAMMOCK,1,2011-05-17 15:27:00,0.0,,United Kingdom
553539,22692,DOORMAT WELCOME TO OUR HOME,1,2011-05-17 15:27:00,0.0,,United Kingdom
553539,21559,STRAWBERRY LUNCH BOX WITH CUTLERY,1,2011-05-17 15:27:00,0.0,,United Kingdom
553539,21116,OWL DOORSTOP,2,2011-05-17 15:27:00,0.0,,United Kingdom
553539,20711,JUMBO BAG TOYS,1,2011-05-17 15:27:00,0.0,,United Kingdom
553539,20682,RED RETROSPOT CHILDRENS UMBRELLA,1,2011-05-17 15:27:00,0.0,,United Kingdom
553539,22843,BISCUIT TIN VINTAGE GREEN,1,2011-05-17 15:27:00,0.0,,United Kingdom
553539,22682,FRENCH BLUE METAL DOOR SIGN 7,1,2011-05-17 15:27:00,0.0,,United Kingdom
553539,22679,FRENCH BLUE METAL DOOR SIGN 4,2,2011-05-17 15:27:00,0.0,,United Kingdom
553539,22678,FRENCH BLUE METAL DOOR SIGN 3,5,2011-05-17 15:27:00,0.0,,United Kingdom
553539,22677,FRENCH BLUE METAL DOOR SIGN 2,2,2011-05-17 15:27:00,0.0,,United Kingdom
553539,22683,FRENCH BLUE METAL DOOR SIGN 8,1,2011-05-17 15:27:00,0.0,,United Kingdom
553539,22666,RECIPE BOX PANTRY YELLOW DESIGN,1,2011-05-17 15:27:00,0.0,,United Kingdom
553539,22665,RECIPE BOX BLUE SKETCHBOOK DESIGN,1,2011-05-17 15:27:00,0.0,,United Kingdom
553539,22685,FRENCH BLUE METAL DOOR SIGN 0,2,2011-05-17 15:27:00,0.0,,United Kingdom
553539,22676,FRENCH BLUE METAL DOOR SIGN 1,4,2011-05-17 15:27:00,0.0,,United Kingdom
553539,22646,CERAMIC STRAWBERRY CAKE MONEY BANK,1,2011-05-17 15:27:00,0.0,,United Kingdom
553539,22520,CHILDS GARDEN TROWEL BLUE,1,2011-05-17 15:27:00,0.0,,United Kingdom
553539,22523,CHILDS GARDEN FORK PINK,1,2011-05-17 15:27:00,0.0,,United Kingdom
553539,22522,CHILDS GARDEN FORK BLUE,1,2011-05-17 15:27:00,0.0,,United Kingdom
553539,22519,CHILDS GARDEN BRUSH PINK,1,2011-05-17 15:27:00,0.0,,United Kingdom
553539,22514,CHILDS GARDEN SPADE BLUE,1,2011-05-17 15:27:00,0.0,,United Kingdom
553539,22515,CHILDS GARDEN SPADE PINK,2,2011-05-17 15:27:00,0.0,,United Kingdom
553539,22501,PICNIC BASKET WICKER LARGE,1,2011-05-17 15:27:00,0.0,,United Kingdom
553539,22474,SPACEBOY TV DINNER TRAY,1,2011-05-17 15:27:00,0.0,,United Kingdom
553539,22430,ENAMEL WATERING CAN CREAM,2,2011-05-17 15:27:00,0.0,,United Kingdom
553539,22426,ENAMEL WASH BOWL CREAM,1,2011-05-17 15:27:00,0.0,,United Kingdom
553548,75131,Unknown product,-48,2011-05-17 15:57:00,0.0,,United Kingdom
553651,46126A,Unknown product,-23,2011-05-18 11:06:00,0.0,,United Kingdom
553652,20826,Unknown product,-168,2011-05-18 11:06:00,0.0,,United Kingdom
553659,20967,Unknown product,-77,2011-05-18 11:47:00,0.0,,United Kingdom
553688,22078,Unknown product,4,2011-05-18 14:05:00,0.0,,United Kingdom
553716,37444A,Unknown product,3,2011-05-18 16:07:00,0.0,,United Kingdom
553717,22087,Unknown product,2,2011-05-18 16:07:00,0.0,,United Kingdom
553719,85017C,adjustment,1,2011-05-18 16:18:00,0.0,,United Kingdom
553728,21324,Unknown product,2,2011-05-18 17:17:00,0.0,,United Kingdom
553729,82599,Unknown product,2,2011-05-18 17:17:00,0.0,,United Kingdom
553743,21318,Unknown product,-62,2011-05-19 09:44:00,0.0,,United Kingdom
553744,85141,Unknown product,-7,2011-05-19 09:44:00,0.0,,United Kingdom
553745,84760S,Unknown product,2,2011-05-19 09:46:00,0.0,,United Kingdom
553746,84990,Unknown product,1,2011-05-19 09:46:00,0.0,,United Kingdom
553769,23444,Unknown product,200,2011-05-19 10:48:00,0.0,,United Kingdom
554017,22520,Unknown product,-101,2011-05-20 13:15:00,0.0,,United Kingdom
554020,22518,Unknown product,-30,2011-05-20 13:17:00,0.0,,United Kingdom
554021,20886,Unknown product,-65,2011-05-20 13:18:00,0.0,,United Kingdom
554022,20886,Unknown product,10,2011-05-20 13:19:00,0.0,,United Kingdom
554023,82613B,Unknown product,-71,2011-05-20 13:20:00,0.0,,United Kingdom
554024,20998,Unknown product,-11,2011-05-20 13:21:00,0.0,,United Kingdom
554037,22619,SET OF 6 SOLDIER SKITTLES,80,2011-05-20 14:13:00,0.0,12415.0,Australia
554128,84563A,damaged,-4,2011-05-23 09:26:00,0.0,,United Kingdom
554133,84596J,Unknown product,-3,2011-05-23 09:46:00,0.0,,United Kingdom
554143,79030G,damages,-413,2011-05-23 10:40:00,0.0,,United Kingdom
554144,79030D,damages,-664,2011-05-23 10:42:00,0.0,,United Kingdom
554145,84313C,Unknown product,-12,2011-05-23 10:43:00,0.0,,United Kingdom
554148,20966,Unknown product,1,2011-05-23 10:53:00,0.0,,United Kingdom
554149,85185D,Unknown product,1,2011-05-23 10:53:00,0.0,,United Kingdom
554267,84313C,Unknown product,6,2011-05-23 12:56:00,0.0,,United Kingdom
554276,22966,Unknown product,-58,2011-05-23 13:19:00,0.0,,United Kingdom
554287,22700,smashed,-48,2011-05-23 14:17:00,0.0,,United Kingdom
554299,20975,Unknown product,-39,2011-05-23 14:28:00,0.0,,United Kingdom
554311,84743C,Unknown product,-16,2011-05-23 15:28:00,0.0,,United Kingdom
554312,84741C,Unknown product,-2,2011-05-23 15:28:00,0.0,,United Kingdom
554313,21144,Unknown product,-63,2011-05-23 15:28:00,0.0,,United Kingdom
554314,85195,Unknown product,-13,2011-05-23 15:29:00,0.0,,United Kingdom
554316,21195,Unknown product,-1,2011-05-23 15:29:00,0.0,,United Kingdom
554317,85198,Unknown product,-11,2011-05-23 15:29:00,0.0,,United Kingdom
554318,84535A,Unknown product,-65,2011-05-23 15:30:00,0.0,,United Kingdom
554319,47574B,Unknown product,-13,2011-05-23 15:31:00,0.0,,United Kingdom
554320,16053,Unknown product,-102,2011-05-23 15:32:00,0.0,,United Kingdom
554321,16244B,Unknown product,-5,2011-05-23 15:32:00,0.0,,United Kingdom
554328,21609,Unknown product,-46,2011-05-23 16:49:00,0.0,,United Kingdom
554352,22720,Unknown product,4,2011-05-24 08:57:00,0.0,,United Kingdom
554360,22524,Unknown product,-13,2011-05-24 09:59:00,0.0,,United Kingdom
554377,79164,Unknown product,47,2011-05-24 11:34:00,0.0,,United Kingdom
554378,20975,Unknown product,3,2011-05-24 11:35:00,0.0,,United Kingdom
554432,85132A,damaged,-97,2011-05-24 12:16:00,0.0,,United Kingdom
554488,84913A,Unknown product,-75,2011-05-24 13:35:00,0.0,,United Kingdom
554550,47566B,incorrectly credited C550456 see 47,1300,2011-05-25 09:57:00,0.0,,United Kingdom
554551,47566B,reverse previous adjustment,-1300,2011-05-25 09:58:00,0.0,,United Kingdom
554553,47566B,incorrectly credited C550456 see 47,-1300,2011-05-25 09:59:00,0.0,,United Kingdom
554559,16151A,Unknown product,-2,2011-05-25 10:28:00,0.0,,United Kingdom
554627,84746,Unknown product,67,2011-05-25 11:26:00,0.0,,United Kingdom
554634,85214,Unknown product,64,2011-05-25 11:44:00,0.0,,United Kingdom
554673,35653,Unknown product,24,2011-05-25 16:01:00,0.0,,United Kingdom
554675,20903,Unknown product,-33,2011-05-25 16:01:00,0.0,,United Kingdom
554676,71143,Unknown product,-31,2011-05-25 16:03:00,0.0,,United Kingdom
554677,20664,Unknown product,9,2011-05-25 16:03:00,0.0,,United Kingdom
554678,85086A,Unknown product,-30,2011-05-25 16:03:00,0.0,,United Kingdom
554679,35916A,Unknown product,-21,2011-05-25 16:04:00,0.0,,United Kingdom
554680,35916B,Unknown product,-21,2011-05-25 16:04:00,0.0,,United Kingdom
554681,35916C,Unknown product,-32,2011-05-25 16:04:00,0.0,,United Kingdom
554696,85016,Unknown product,5,2011-05-25 17:14:00,0.0,,United Kingdom
554828,16049,Unknown product,74,2011-05-26 15:21:00,0.0,,United Kingdom
554829,20801,Unknown product,6,2011-05-26 15:22:00,0.0,,United Kingdom
554830,21904,Unknown product,3,2011-05-26 15:22:00,0.0,,United Kingdom
554831,84906,Unknown product,2,2011-05-26 15:22:00,0.0,,United Kingdom
554852,21272,?,-212,2011-05-27 09:24:00,0.0,,United Kingdom
554857,POST,Unknown product,800,2011-05-27 10:08:00,0.0,,United Kingdom
554907,40003,Unknown product,-11,2011-05-27 11:45:00,0.0,,United Kingdom
554928,21763,Unknown product,-3,2011-05-27 13:03:00,0.0,,United Kingdom
554962,84691,Unknown product,2,2011-05-27 15:24:00,0.0,,United Kingdom
555330,84804A,wet damaged,-125,2011-06-02 11:11:00,0.0,,United Kingdom
555331,84800L,wet damaged,-144,2011-06-02 11:11:00,0.0,,United Kingdom
555332,84801A,wet damaged,-48,2011-06-02 11:11:00,0.0,,United Kingdom
555333,84805B,wet damaged,-96,2011-06-02 11:12:00,0.0,,United Kingdom
555334,84805A,wet damaged,-96,2011-06-02 11:12:00,0.0,,United Kingdom
555335,84804B,Unknown product,-96,2011-06-02 11:13:00,0.0,,United Kingdom
555387,22276,Unknown product,-59,2011-06-02 15:30:00,0.0,,United Kingdom
555390,22501,Unknown product,50,2011-06-02 16:29:00,0.0,,United Kingdom
555391,22501,Unknown product,-10,2011-06-02 16:29:00,0.0,,United Kingdom
555402,22501,Unknown product,10,2011-06-02 17:55:00,0.0,,United Kingdom
555469,84917,Unknown product,1,2011-06-03 11:11:00,0.0,,United Kingdom
555503,84313C,damaged,-1,2011-06-03 15:39:00,0.0,,United Kingdom
555505,79030G,Water damaged,-16,2011-06-03 15:48:00,0.0,,United Kingdom
555506,21397,damaged,-57,2011-06-03 16:03:00,0.0,,United Kingdom
555821,21399,Unknown product,-116,2011-06-07 12:01:00,0.0,,United Kingdom
555822,35809A,Unknown product,-13,2011-06-07 12:04:00,0.0,,United Kingdom
555823,47021G,Unknown product,-52,2011-06-07 12:06:00,0.0,,United Kingdom
555824,21043,Unknown product,-12,2011-06-07 12:06:00,0.0,,United Kingdom
555838,22966,Unknown product,-6,2011-06-07 12:37:00,0.0,,United Kingdom
556012,15044B,Unknown product,-27,2011-06-08 11:45:00,0.0,,United Kingdom
556013,21662,Unknown product,-17,2011-06-08 11:46:00,0.0,,United Kingdom
556014,37476,Unknown product,-3,2011-06-08 11:46:00,0.0,,United Kingdom
556015,37501,Unknown product,-13,2011-06-08 11:50:00,0.0,,United Kingdom
556046,21890,missing,-140,2011-06-08 12:56:00,0.0,,United Kingdom
556061,20906,Unknown product,-21,2011-06-08 14:04:00,0.0,,United Kingdom
556069,84226,Unknown product,-34,2011-06-08 14:41:00,0.0,,United Kingdom
556074,22519,Unknown product,-19,2011-06-08 15:14:00,0.0,,United Kingdom
556122,85019C,Damaged,-108,2011-06-09 10:12:00,0.0,,United Kingdom
556123,22272,Damaged,-15,2011-06-09 10:13:00,0.0,,United Kingdom
556124,17007B,Unknown product,-4,2011-06-09 10:14:00,0.0,,United Kingdom
556180,22502,Unknown product,40,2011-06-09 11:29:00,0.0,,United Kingdom
556200,84796B,Unknown product,17,2011-06-09 12:42:00,0.0,,United Kingdom
556231,85123A,?,4000,2011-06-09 15:04:00,0.0,,United Kingdom
556232,21135,sold as set on dotcom,-304,2011-06-09 15:15:00,0.0,,United Kingdom
556233,21136,sold as set on dotcom,-272,2011-06-09 15:20:00,0.0,,United Kingdom
556242,21700,sold as set on dotcom and amazon,-1206,2011-06-09 16:06:00,0.0,,United Kingdom
556260,37340,sold as set on dotcom,-18,2011-06-09 18:02:00,0.0,,United Kingdom
556261,79051A,sold as set on dotcom,-6,2011-06-09 18:03:00,0.0,,United Kingdom
556262,37327,sold as set on dotcom,-95,2011-06-09 18:04:00,0.0,,United Kingdom
556286,16052,Unknown product,-16,2011-06-10 09:22:00,0.0,,United Kingdom
556287,16043,Unknown product,-45,2011-06-10 09:22:00,0.0,,United Kingdom
556289,20823,Unknown product,-102,2011-06-10 09:23:00,0.0,,United Kingdom
556291,79164,Unknown product,2,2011-06-10 09:24:00,0.0,,United Kingdom
556292,21472,Unknown product,-1,2011-06-10 09:24:00,0.0,,United Kingdom
556299,21937,?,-161,2011-06-10 10:17:00,0.0,,United Kingdom
556300,20735,Unknown product,-472,2011-06-10 10:18:00,0.0,,United Kingdom
556301,22968,water damage,-50,2011-06-10 10:18:00,0.0,,United Kingdom
556306,37479B,sold as set by dotcom,-30,2011-06-10 10:38:00,0.0,,United Kingdom
556307,37479P,sold as set on dotcom,-30,2011-06-10 10:39:00,0.0,,United Kingdom
556308,22130,sold as set on dotcom,-390,2011-06-10 10:43:00,0.0,,United Kingdom
556309,22856,sold as set on dotcom,-30,2011-06-10 10:44:00,0.0,,United Kingdom
556310,22944,sold as set on dotcom,-42,2011-06-10 10:44:00,0.0,,United Kingdom
556311,37471,sold as set on dotcom,-12,2011-06-10 10:45:00,0.0,,United Kingdom
556312,22924,sold as set on dotcom,-30,2011-06-10 10:46:00,0.0,,United Kingdom
556313,22923,sold as set on dotcom,-12,2011-06-10 10:46:00,0.0,,United Kingdom
556314,23155,sold as set on dotcom,-84,2011-06-10 10:47:00,0.0,,United Kingdom
556315,22948,sold as set on dotcom,-108,2011-06-10 10:47:00,0.0,,United Kingdom
556316,22128,sold as set on dotcom,-24,2011-06-10 10:48:00,0.0,,United Kingdom
556317,22857,sold as set on dotcom,-48,2011-06-10 10:48:00,0.0,,United Kingdom
556319,22945,sold as set on dotcom,-618,2011-06-10 10:49:00,0.0,,United Kingdom
556320,22922,sold as set on dotcom,-42,2011-06-10 10:50:00,0.0,,United Kingdom
556321,79163,sold as set on dotcom,-24,2011-06-10 10:50:00,0.0,,United Kingdom
556322,22915,sold as set on dotcom,-204,2011-06-10 10:51:00,0.0,,United Kingdom
556326,20731,Unknown product,10,2011-06-10 11:21:00,0.0,,United Kingdom
556328,21027,Unknown product,47,2011-06-10 11:23:00,0.0,,United Kingdom
556418,47021G,Unknown product,288,2011-06-10 12:26:00,0.0,,United Kingdom
556430,22968,Unknown product,19,2011-06-10 13:24:00,0.0,,United Kingdom
556438,37479B,Unknown product,8,2011-06-10 14:36:00,0.0,,United Kingdom
556687,23003,Printing smudges/thrown away,-9058,2011-06-14 10:36:00,0.0,,United Kingdom
556690,23005,printing smudges/thrown away,-9600,2011-06-14 10:37:00,0.0,,United Kingdom
556691,23005,printing smudges/thrown away,-9600,2011-06-14 10:37:00,0.0,,United Kingdom
556884,22698,Unknown product,-61,2011-06-15 12:27:00,0.0,,United Kingdom
556933,22783,Unknown product,2,2011-06-15 15:42:00,0.0,,United Kingdom
556934,37479B,Unknown product,1,2011-06-15 15:43:00,0.0,,United Kingdom
556939,46000M,POLYESTER FILLER PAD 45x45cm,80,2011-06-15 16:34:00,0.0,,United Kingdom
556939,46000S,POLYESTER FILLER PAD 40x40cm,160,2011-06-15 16:34:00,0.0,,United Kingdom
556943,84809A,Unknown product,-126,2011-06-15 16:54:00,0.0,,United Kingdom
556944,84800L,Unknown product,-29,2011-06-15 16:54:00,0.0,,United Kingdom
556945,21614,Unknown product,3,2011-06-15 16:55:00,0.0,,United Kingdom
556946,37444A,Unknown product,2,2011-06-15 16:55:00,0.0,,United Kingdom
556947,22444,Unknown product,1,2011-06-15 16:55:00,0.0,,United Kingdom
556948,90104,Unknown product,1,2011-06-15 16:56:00,0.0,,United Kingdom
556949,85185D,Unknown product,1,2011-06-15 16:56:00,0.0,,United Kingdom
556950,84548,Unknown product,1,2011-06-15 16:56:00,0.0,,United Kingdom
556951,20975,Unknown product,2,2011-06-15 16:57:00,0.0,,United Kingdom
556952,21784,Unknown product,1,2011-06-15 16:57:00,0.0,,United Kingdom
556955,gift_0001_20,to push order througha s stock was,10,2011-06-16 09:04:00,0.0,,United Kingdom
556962,35965,Unknown product,12,2011-06-16 09:40:00,0.0,,United Kingdom
556963,35965,found some more on shelf,-9,2011-06-16 09:40:00,0.0,,United Kingdom
557025,22192,Unknown product,-9,2011-06-16 13:09:00,0.0,,United Kingdom
557028,79071B,Unknown product,-4,2011-06-16 13:25:00,0.0,,United Kingdom
557029,22480,Unknown product,-24,2011-06-16 13:29:00,0.0,,United Kingdom
557030,21446,Unknown product,-50,2011-06-16 13:30:00,0.0,,United Kingdom
557031,21447,Unknown product,-65,2011-06-16 13:31:00,0.0,,United Kingdom
557035,82583,?,-220,2011-06-16 13:52:00,0.0,,United Kingdom
557036,20867,?,-271,2011-06-16 13:53:00,0.0,,United Kingdom
557108,23113,Damaged,-1440,2011-06-16 15:58:00,0.0,,United Kingdom
557137,85141,Unknown product,3,2011-06-17 09:32:00,0.0,,United Kingdom
557138,21095,Unknown product,2,2011-06-17 09:33:00,0.0,,United Kingdom
557139,35965,Unknown product,2,2011-06-17 09:34:00,0.0,,United Kingdom
557390,21360,Show Samples,-4,2011-06-20 11:12:00,0.0,,United Kingdom
557412,35965,Unknown product,5,2011-06-20 11:38:00,0.0,,United Kingdom
557415,21937,Unknown product,12,2011-06-20 11:48:00,0.0,,United Kingdom
557417,84809B,damaged,-324,2011-06-20 11:51:00,0.0,,United Kingdom
557486,22084,Unknown product,44,2011-06-20 14:42:00,0.0,,United Kingdom
557491,85213,Unknown product,66,2011-06-20 15:08:00,0.0,,United Kingdom
557596,23114,Damaged,-1440,2011-06-21 11:33:00,0.0,,United Kingdom
557597,23115,Damaged,-1440,2011-06-21 11:33:00,0.0,,United Kingdom
557599,23116,Damaged,-1440,2011-06-21 11:34:00,0.0,,United Kingdom
557600,23117,Damaged,-1440,2011-06-21 11:35:00,0.0,,United Kingdom
557613,21841,Unknown product,80,2011-06-21 13:12:00,0.0,,United Kingdom
557756,22567,Unknown product,-14,2011-06-22 13:18:00,0.0,,United Kingdom
557777,44265,Unknown product,-5,2011-06-22 15:11:00,0.0,,United Kingdom
557778,21161,Unknown product,-38,2011-06-22 15:11:00,0.0,,United Kingdom
557784,21421,damaged,-5,2011-06-22 15:49:00,0.0,,United Kingdom
557806,84706D,Unknown product,-5,2011-06-23 10:32:00,0.0,,United Kingdom
557847,84387A,Unknown product,11,2011-06-23 10:49:00,0.0,,United Kingdom
557851,85130A,Unknown product,-23,2011-06-23 10:57:00,0.0,,United Kingdom
558032,22443,Unknown product,-7,2011-06-24 12:14:00,0.0,,United Kingdom
558033,84876B,Unknown product,-59,2011-06-24 12:15:00,0.0,,United Kingdom
558034,20658,Unknown product,-78,2011-06-24 12:17:00,0.0,,United Kingdom
558238,22722,Unknown product,-21,2011-06-27 15:04:00,0.0,,United Kingdom
558244,84796B,Unknown product,-2,2011-06-27 15:52:00,0.0,,United Kingdom
558245,22734,FOUND,8,2011-06-27 16:28:00,0.0,,United Kingdom
558268,21351,damaged,-220,2011-06-28 10:17:00,0.0,,United Kingdom
558305,21027,Unknown product,7,2011-06-28 10:59:00,0.0,,United Kingdom
558306,85232D,mix up with c,-118,2011-06-28 10:59:00,0.0,,United Kingdom
558307,22088,Unknown product,-39,2011-06-28 11:02:00,0.0,,United Kingdom
558308,84576,Unknown product,-10,2011-06-28 11:02:00,0.0,,United Kingdom
558309,85132B,Unknown product,-42,2011-06-28 11:03:00,0.0,,United Kingdom
558318,85232A,Unknown product,-14,2011-06-28 11:52:00,0.0,,United Kingdom
558340,22514,CHILDS GARDEN SPADE BLUE,1,2011-06-28 14:01:00,0.0,,United Kingdom
558340,85123A,WHITE HANGING HEART T-LIGHT HOLDER,1,2011-06-28 14:01:00,0.0,,United Kingdom
558340,22431,WATERING CAN BLUE ELEPHANT,1,2011-06-28 14:01:00,0.0,,United Kingdom
558340,22430,ENAMEL WATERING CAN CREAM,1,2011-06-28 14:01:00,0.0,,United Kingdom
558340,22414,DOORMAT NEIGHBOURHOOD WITCH,1,2011-06-28 14:01:00,0.0,,United Kingdom
558340,22385,JUMBO BAG SPACEBOY DESIGN,1,2011-06-28 14:01:00,0.0,,United Kingdom
558340,22380,TOY TIDY SPACEBOY,1,2011-06-28 14:01:00,0.0,,United Kingdom
558340,22364,GLASS JAR DIGESTIVE BISCUITS,1,2011-06-28 14:01:00,0.0,,United Kingdom
558340,22362,GLASS JAR PEACOCK BATH SALTS,1,2011-06-28 14:01:00,0.0,,United Kingdom
558340,22357,KINGS CHOICE BISCUIT TIN,3,2011-06-28 14:01:00,0.0,,United Kingdom
558340,22301,COFFEE MUG CAT + BIRD DESIGN,1,2011-06-28 14:01:00,0.0,,United Kingdom
558340,21556,CERAMIC STRAWBERRY MONEY BOX,2,2011-06-28 14:01:00,0.0,,United Kingdom
558340,21116,OWL DOORSTOP,1,2011-06-28 14:01:00,0.0,,United Kingdom
558340,85099F,JUMBO BAG STRAWBERRY,1,2011-06-28 14:01:00,0.0,,United Kingdom
558340,85099B,JUMBO BAG RED RETROSPOT,1,2011-06-28 14:01:00,0.0,,United Kingdom
558340,22627,MINT KITCHEN SCALES,1,2011-06-28 14:01:00,0.0,,United Kingdom
558340,84692,BOX OF 24 COCKTAIL PARASOLS,1,2011-06-28 14:01:00,0.0,,United Kingdom
558340,48184,DOORMAT ENGLISH ROSE,3,2011-06-28 14:01:00,0.0,,United Kingdom
558340,22692,DOORMAT WELCOME TO OUR HOME,1,2011-06-28 14:01:00,0.0,,United Kingdom
558340,22684,FRENCH BLUE METAL DOOR SIGN 9,1,2011-06-28 14:01:00,0.0,,United Kingdom
558340,22685,FRENCH BLUE METAL DOOR SIGN 0,1,2011-06-28 14:01:00,0.0,,United Kingdom
558340,22683,FRENCH BLUE METAL DOOR SIGN 8,2,2011-06-28 14:01:00,0.0,,United Kingdom
558340,22679,FRENCH BLUE METAL DOOR SIGN 4,1,2011-06-28 14:01:00,0.0,,United Kingdom
558340,22678,FRENCH BLUE METAL DOOR SIGN 3,2,2011-06-28 14:01:00,0.0,,United Kingdom
558340,22686,FRENCH BLUE METAL DOOR SIGN No,4,2011-06-28 14:01:00,0.0,,United Kingdom
558340,22680,FRENCH BLUE METAL DOOR SIGN 5,4,2011-06-28 14:01:00,0.0,,United Kingdom
558340,22676,FRENCH BLUE METAL DOOR SIGN 1,3,2011-06-28 14:01:00,0.0,,United Kingdom
558340,22666,RECIPE BOX PANTRY YELLOW DESIGN,1,2011-06-28 14:01:00,0.0,,United Kingdom
558340,22665,RECIPE BOX BLUE SKETCHBOOK DESIGN,1,2011-06-28 14:01:00,0.0,,United Kingdom
558340,22649,STRAWBERRY FAIRY CAKE TEAPOT,1,2011-06-28 14:01:00,0.0,,United Kingdom
558340,22626,BLACK KITCHEN SCALES,1,2011-06-28 14:01:00,0.0,,United Kingdom
558340,22526,WHEELBARROW FOR CHILDREN,1,2011-06-28 14:01:00,0.0,,United Kingdom
558340,22515,CHILDS GARDEN SPADE PINK,3,2011-06-28 14:01:00,0.0,,United Kingdom
558342,20731,Unknown product,1,2011-06-28 14:36:00,0.0,,United Kingdom
558343,84709B,Unknown product,6,2011-06-28 14:44:00,0.0,,United Kingdom
558344,47013C,Unknown product,4,2011-06-28 14:44:00,0.0,,United Kingdom
558345,21784,Unknown product,6,2011-06-28 14:45:00,0.0,,United Kingdom
558346,35965,Unknown product,3,2011-06-28 14:45:00,0.0,,United Kingdom
558369,21082,found,3,2011-06-28 15:40:00,0.0,,United Kingdom
558377,37423,Unknown product,-17,2011-06-28 16:24:00,0.0,,United Kingdom
558378,79161A,Unknown product,-13,2011-06-28 16:27:00,0.0,,United Kingdom
558379,22618,"mouldy, unsaleable.",-1681,2011-06-28 16:34:00,0.0,,United Kingdom
558445,22034,Unknown product,-18,2011-06-29 13:39:00,0.0,,United Kingdom
558446,22164,Unknown product,-80,2011-06-29 13:40:00,0.0,,United Kingdom
558448,22163,Unknown product,-90,2011-06-29 13:40:00,0.0,,United Kingdom
558449,21807,Unknown product,-35,2011-06-29 13:40:00,0.0,,United Kingdom
558450,21145,Unknown product,40,2011-06-29 13:41:00,0.0,,United Kingdom
558451,21817,Unknown product,-80,2011-06-29 13:41:00,0.0,,United Kingdom
558457,21147,?,-95,2011-06-29 13:59:00,0.0,,United Kingdom
558464,35966,Unknown product,-20,2011-06-29 15:17:00,0.0,,United Kingdom
558476,84597B,damages,-6,2011-06-29 16:04:00,0.0,,United Kingdom
558477,84597C,Unknown product,-1,2011-06-29 16:04:00,0.0,,United Kingdom
558520,21896,Unknown product,-38,2011-06-30 10:25:00,0.0,,United Kingdom
558663,23574,Unknown product,100,2011-07-01 10:44:00,0.0,,United Kingdom
558723,84865,damaged,-7,2011-07-01 14:28:00,0.0,,United Kingdom
558724,35966,Unknown product,14,2011-07-01 14:30:00,0.0,,United Kingdom
558725,84944,found,37,2011-07-01 14:31:00,0.0,,United Kingdom
558728,20826,Unknown product,-1,2011-07-01 14:50:00,0.0,,United Kingdom
558730,22060,damaged,-1,2011-07-01 14:51:00,0.0,,United Kingdom
558732,47341A,Unknown product,-1,2011-07-01 14:55:00,0.0,,United Kingdom
558741,37444C,Unknown product,-1,2011-07-01 15:52:00,0.0,,United Kingdom
558742,62043B,Unknown product,-1,2011-07-01 15:56:00,0.0,,United Kingdom
558743,35810B,Unknown product,-4,2011-07-01 15:56:00,0.0,,United Kingdom
558889,84857B,Unknown product,24,2011-07-04 15:32:00,0.0,,United Kingdom
558890,84857C,Unknown product,-24,2011-07-04 15:34:00,0.0,,United Kingdom
558913,84548,Unknown product,11,2011-07-05 09:32:00,0.0,,United Kingdom
558914,84686,Unknown product,11,2011-07-05 09:32:00,0.0,,United Kingdom
558915,20716,Unknown product,4,2011-07-05 09:33:00,0.0,,United Kingdom
559037,82583,Unknown product,10,2011-07-05 15:29:00,0.0,,United Kingdom
559147,84944,Unknown product,147,2011-07-06 14:32:00,0.0,,United Kingdom
559296,23001,TRAVEL CARD WALLET DOTCOMGIFTSHOP,200,2011-07-07 12:35:00,0.0,,United Kingdom
559296,22616,PACK OF 12 LONDON TISSUES,204,2011-07-07 12:35:00,0.0,,United Kingdom
559296,23298,SPOTTY BUNTING,170,2011-07-07 12:35:00,0.0,,United Kingdom
559314,84584,?,-50,2011-07-07 13:51:00,0.0,,United Kingdom
559335,21147,found,72,2011-07-07 15:57:00,0.0,,United Kingdom
559365,22451,Unknown product,-3,2011-07-08 08:53:00,0.0,,United Kingdom
559373,16156S,Unknown product,-110,2011-07-08 10:36:00,0.0,,United Kingdom
559374,22050,Unknown product,-100,2011-07-08 10:37:00,0.0,,United Kingdom
559375,22051,?,-300,2011-07-08 10:37:00,0.0,,United Kingdom
559376,48116,Unknown product,-35,2011-07-08 10:38:00,0.0,,United Kingdom
559377,23283,Unknown product,17,2011-07-08 10:39:00,0.0,,United Kingdom
559378,21781,damages?,-39,2011-07-08 10:40:00,0.0,,United Kingdom
559379,79337,Unknown product,-8,2011-07-08 10:42:00,0.0,,United Kingdom
559390,21700,Unknown product,-110,2011-07-08 10:46:00,0.0,,United Kingdom
559398,21169,Unknown product,-70,2011-07-08 10:48:00,0.0,,United Kingdom
559402,21635,Unknown product,-8,2011-07-08 10:49:00,0.0,,United Kingdom
559405,22863,Unknown product,-7,2011-07-08 10:50:00,0.0,,United Kingdom
559410,84341B,Unknown product,-179,2011-07-08 10:51:00,0.0,,United Kingdom
559414,22855,Unknown product,-4,2011-07-08 10:52:00,0.0,,United Kingdom
559423,71143,Unknown product,-14,2011-07-08 12:06:00,0.0,,United Kingdom
559503,21763,Unknown product,1,2011-07-08 15:06:00,0.0,,United Kingdom
559602,84686,Unknown product,23,2011-07-11 11:26:00,0.0,,United Kingdom
559603,79337,Unknown product,1,2011-07-11 11:27:00,0.0,,United Kingdom
559604,22084,Unknown product,3,2011-07-11 11:27:00,0.0,,United Kingdom
559655,21166,?,-124,2011-07-11 12:57:00,0.0,,United Kingdom
559792,21067,Unknown product,-66,2011-07-12 12:31:00,0.0,,United Kingdom
559825,21067,Unknown product,23,2011-07-12 17:41:00,0.0,,United Kingdom
559943,21578,?,-251,2011-07-14 10:21:00,0.0,,United Kingdom
559946,21578,Unknown product,200,2011-07-14 10:26:00,0.0,,United Kingdom
560037,22242,Unknown product,-34,2011-07-14 14:00:00,0.0,,United Kingdom
560039,20713,wrongly marked. 23343 in box,-3100,2011-07-14 14:27:00,0.0,,United Kingdom
560040,23343,came coded as 20713,3100,2011-07-14 14:28:00,0.0,,United Kingdom
560091,44236,Unknown product,-10,2011-07-14 17:03:00,0.0,,United Kingdom
560110,21673,Unknown product,-40,2011-07-15 09:51:00,0.0,,United Kingdom
560111,84874B,Unknown product,-3,2011-07-15 09:52:00,0.0,,United Kingdom
560112,21683,Unknown product,-38,2011-07-15 09:52:00,0.0,,United Kingdom
560113,21865,Unknown product,-40,2011-07-15 09:52:00,0.0,,United Kingdom
560114,75172,Unknown product,-35,2011-07-15 09:53:00,0.0,,United Kingdom
560116,22084,Unknown product,15,2011-07-15 10:09:00,0.0,,United Kingdom
560213,10123C,Unknown product,-18,2011-07-15 15:05:00,0.0,,United Kingdom
560214,16162L,Unknown product,-54,2011-07-15 15:07:00,0.0,,United Kingdom
560215,16162M,Unknown product,-84,2011-07-15 15:08:00,0.0,,United Kingdom
560216,16162L,Unknown product,30,2011-07-15 15:11:00,0.0,,United Kingdom
560218,16162M,alan hodge cant mamage this section,30,2011-07-15 15:12:00,0.0,,United Kingdom
560283,22624,IVORY KITCHEN SCALES,12,2011-07-18 08:32:00,0.0,,EIRE
560283,23196,VINTAGE LEAF MAGNETIC NOTEPAD,12,2011-07-18 08:32:00,0.0,,EIRE
560328,35968,Found,63,2011-07-18 11:00:00,0.0,,United Kingdom
560329,35965,found,6,2011-07-18 11:07:00,0.0,,United Kingdom
560358,35965,dotcom,26,2011-07-18 11:46:00,0.0,,United Kingdom
560388,21635,Unknown product,1,2011-07-18 13:12:00,0.0,,United Kingdom
560389,37444A,Unknown product,1,2011-07-18 13:13:00,0.0,,United Kingdom
560399,82583,Unknown product,17,2011-07-18 14:18:00,0.0,,United Kingdom
560400,21069,Unknown product,6,2011-07-18 14:19:00,0.0,,United Kingdom
560401,84925F,Unknown product,15,2011-07-18 14:19:00,0.0,,United Kingdom
560402,21067,Unknown product,2,2011-07-18 14:19:00,0.0,,United Kingdom
560403,21272,Unknown product,17,2011-07-18 14:19:00,0.0,,United Kingdom
560404,21472,Unknown product,1,2011-07-18 14:20:00,0.0,,United Kingdom
560405,22080,Unknown product,1,2011-07-18 14:20:00,0.0,,United Kingdom
560406,22088,Unknown product,1,2011-07-18 14:21:00,0.0,,United Kingdom
560407,35653,Unknown product,9,2011-07-18 14:21:00,0.0,,United Kingdom
560423,16169K,Unknown product,-25,2011-07-18 15:15:00,0.0,,United Kingdom
560424,21503,Unknown product,-84,2011-07-18 15:15:00,0.0,,United Kingdom
560425,81950B,Unknown product,-23,2011-07-18 15:15:00,0.0,,United Kingdom
560427,84629,Unknown product,-2,2011-07-18 15:16:00,0.0,,United Kingdom
560428,21634,Unknown product,-169,2011-07-18 15:17:00,0.0,,United Kingdom
560429,85086A,Unknown product,6,2011-07-18 15:17:00,0.0,,United Kingdom
560440,84029E,Unknown product,-1,2011-07-18 16:36:00,0.0,,United Kingdom
560565,82583,FBA,160,2011-07-19 13:44:00,0.0,,United Kingdom
560578,22034,Unknown product,12,2011-07-19 15:12:00,0.0,,United Kingdom
560583,17096,Unknown product,-7,2011-07-19 15:31:00,0.0,,United Kingdom
560600,18007,Unknown product,-2834,2011-07-19 17:04:00,0.0,,United Kingdom
560717,84576,damaged,-3,2011-07-20 13:28:00,0.0,,United Kingdom
560719,84877A,Unknown product,-21,2011-07-20 13:30:00,0.0,,United Kingdom
560722,16049,Unknown product,-31,2011-07-20 13:37:00,0.0,,United Kingdom
560730,84797B,Unknown product,-2,2011-07-20 14:53:00,0.0,,United Kingdom
560737,84798B,Unknown product,-109,2011-07-20 15:34:00,0.0,,United Kingdom
560819,21686,Unknown product,2,2011-07-21 10:53:00,0.0,,United Kingdom
560830,81953B,Unknown product,-6,2011-07-21 12:03:00,0.0,,United Kingdom
560831,81950V,Unknown product,-1,2011-07-21 12:04:00,0.0,,United Kingdom
560857,35819P,Unknown product,108,2011-07-21 13:21:00,0.0,,United Kingdom
560867,21891,Unknown product,-21,2011-07-21 14:10:00,0.0,,United Kingdom
560889,84789,Unknown product,1,2011-07-21 16:42:00,0.0,,United Kingdom
560890,84402B,Unknown product,1,2011-07-21 16:43:00,0.0,,United Kingdom
560923,22777,Unknown product,-14,2011-07-22 08:54:00,0.0,,United Kingdom
560939,84907,Unknown product,-3,2011-07-22 11:20:00,0.0,,United Kingdom
560940,72127,Unknown product,-53,2011-07-22 11:20:00,0.0,,United Kingdom
560941,85230E,Unknown product,-178,2011-07-22 11:21:00,0.0,,United Kingdom
560986,23084,Unknown product,24,2011-07-22 13:03:00,0.0,,United Kingdom
561086,15036,Unknown product,-530,2011-07-25 09:32:00,0.0,,United Kingdom
561103,85103,stock creditted wrongly,-32,2011-07-25 11:23:00,0.0,,United Kingdom
561107,84763,Unknown product,-5,2011-07-25 11:42:00,0.0,,United Kingdom
561108,46775D,Unknown product,-7,2011-07-25 11:43:00,0.0,,United Kingdom
561110,85087,Unknown product,-16,2011-07-25 11:44:00,0.0,,United Kingdom
561249,DCGS0073,ebay,-4,2011-07-26 11:51:00,0.0,,United Kingdom
561250,DCGS0071,Unknown product,-2,2011-07-26 11:51:00,0.0,,United Kingdom
561251,DCGS0070,Unknown product,-8,2011-07-26 11:51:00,0.0,,United Kingdom
561252,DCGS0069,ebay,-5,2011-07-26 11:52:00,0.0,,United Kingdom
561253,DCGS0068,ebay,-10,2011-07-26 11:52:00,0.0,,United Kingdom
561254,DCGS0067,ebay,-11,2011-07-26 11:52:00,0.0,,United Kingdom
561255,DCGS0066P,Unknown product,-3,2011-07-26 11:52:00,0.0,,United Kingdom
561256,DCGS0003,ebay,-7,2011-07-26 11:53:00,0.0,,United Kingdom
561271,10080,Unknown product,170,2011-07-26 12:18:00,0.0,,United Kingdom
561282,21868,Unknown product,13,2011-07-26 12:24:00,0.0,,United Kingdom
561284,22167,OVAL WALL MIRROR DIAMANTE,1,2011-07-26 12:24:00,0.0,16818.0,United Kingdom
561323,81952B,Unknown product,11,2011-07-26 13:03:00,0.0,,United Kingdom
561326,21294,damaged,-227,2011-07-26 13:50:00,0.0,,United Kingdom
561327,85213,Unknown product,36,2011-07-26 13:54:00,0.0,,United Kingdom
561354,21792,Unknown product,-8,2011-07-26 14:50:00,0.0,,United Kingdom
561361,21294,Unknown product,100,2011-07-26 15:40:00,0.0,,United Kingdom
561362,84415A,Unknown product,-11,2011-07-26 15:41:00,0.0,,United Kingdom
561364,84415B,Unknown product,-4,2011-07-26 15:42:00,0.0,,United Kingdom
561365,84595E,Unknown product,10,2011-07-26 15:44:00,0.0,,United Kingdom
561392,79161A,Unknown product,15,2011-07-27 10:09:00,0.0,,United Kingdom
561475,84584,Unknown product,-3,2011-07-27 13:29:00,0.0,,United Kingdom
561476,21839,Unknown product,-36,2011-07-27 13:29:00,0.0,,United Kingdom
561477,40046A,Unknown product,20,2011-07-27 13:30:00,0.0,,United Kingdom
561478,20954,Unknown product,-2,2011-07-27 13:32:00,0.0,,United Kingdom
561479,21594,Unknown product,-1,2011-07-27 13:32:00,0.0,,United Kingdom
561480,21858,Unknown product,-12,2011-07-27 13:32:00,0.0,,United Kingdom
561481,20684,Unknown product,-27,2011-07-27 13:38:00,0.0,,United Kingdom
561482,21432,Unknown product,-2,2011-07-27 13:39:00,0.0,,United Kingdom
561483,77079,Unknown product,4,2011-07-27 13:40:00,0.0,,United Kingdom
561484,77081,Unknown product,-39,2011-07-27 13:41:00,0.0,,United Kingdom
561486,21765,Unknown product,-2,2011-07-27 13:48:00,0.0,,United Kingdom
561487,22168,Unknown product,-1,2011-07-27 13:51:00,0.0,,United Kingdom
561489,84905,Unknown product,-2,2011-07-27 13:52:00,0.0,,United Kingdom
561490,21275,Unknown product,3,2011-07-27 13:54:00,0.0,,United Kingdom
561491,21781,Unknown product,-2,2011-07-27 13:56:00,0.0,,United Kingdom
561492,22528,Unknown product,-1,2011-07-27 13:57:00,0.0,,United Kingdom
561493,84761,Unknown product,-11,2011-07-27 13:59:00,0.0,,United Kingdom
561494,18097A,Unknown product,-23,2011-07-27 14:04:00,0.0,,United Kingdom
561495,79336,Unknown product,36,2011-07-27 14:06:00,0.0,,United Kingdom
561496,17090D,Unknown product,-10,2011-07-27 14:08:00,0.0,,United Kingdom
561497,21609,Unknown product,38,2011-07-27 14:09:00,0.0,,United Kingdom
561498,21610,Unknown product,-14,2011-07-27 14:10:00,0.0,,United Kingdom
561499,72709,Unknown product,52,2011-07-27 14:11:00,0.0,,United Kingdom
561500,85040B,Unknown product,-1,2011-07-27 14:12:00,0.0,,United Kingdom
561501,21278,Unknown product,-1,2011-07-27 14:13:00,0.0,,United Kingdom
561503,22194,Unknown product,-4,2011-07-27 14:14:00,0.0,,United Kingdom
561504,21361,Unknown product,-7,2011-07-27 14:15:00,0.0,,United Kingdom
561505,84925D,Unknown product,-12,2011-07-27 14:16:00,0.0,,United Kingdom
561506,72051S,Unknown product,-1,2011-07-27 14:18:00,0.0,,United Kingdom
561523,20973,Unknown product,-45,2011-07-27 17:38:00,0.0,,United Kingdom
561524,16020C,Unknown product,-2,2011-07-27 17:39:00,0.0,,United Kingdom
561525,84466,Unknown product,-1,2011-07-27 17:40:00,0.0,,United Kingdom
561526,21051,Unknown product,-2,2011-07-27 17:40:00,0.0,,United Kingdom
561527,20666,Unknown product,-5,2011-07-27 17:40:00,0.0,,United Kingdom
561536,84927E,Unknown product,-2,2011-07-28 09:58:00,0.0,,United Kingdom
561538,84927D,Unknown product,-1,2011-07-28 09:58:00,0.0,,United Kingdom
561539,79026B,Unknown product,-1,2011-07-28 10:08:00,0.0,,United Kingdom
561540,84279B,Unknown product,-1,2011-07-28 10:08:00,0.0,,United Kingdom
561541,21658,Unknown product,-1,2011-07-28 10:09:00,0.0,,United Kingdom
561543,22202,Unknown product,-1,2011-07-28 10:10:00,0.0,,United Kingdom
561553,21392,Unknown product,-29,2011-07-28 10:20:00,0.0,,United Kingdom
561555,37477B,Unknown product,-11,2011-07-28 10:21:00,0.0,,United Kingdom
561557,37477C,Unknown product,-31,2011-07-28 10:21:00,0.0,,United Kingdom
561565,35965,Unknown product,18,2011-07-28 10:23:00,0.0,,United Kingdom
561609,47589,Unknown product,-1,2011-07-28 12:24:00,0.0,,United Kingdom
561639,84799,Unknown product,-346,2011-07-28 14:58:00,0.0,,United Kingdom
561640,84802B,Unknown product,-125,2011-07-28 14:58:00,0.0,,United Kingdom
561652,84847,Unknown product,2,2011-07-28 15:50:00,0.0,,United Kingdom
561660,22502,Unknown product,1,2011-07-28 16:18:00,0.0,,United Kingdom
561663,22501,incorrectly put back into stock,-108,2011-07-28 16:40:00,0.0,,United Kingdom
561665,22171,?,142,2011-07-28 16:55:00,0.0,,United Kingdom
561666,22502,Unknown product,30,2011-07-28 16:59:00,0.0,,United Kingdom
561668,44091A,Unknown product,-2,2011-07-28 17:03:00,0.0,,United Kingdom
561669,22960,JAM MAKING SET WITH JARS,11,2011-07-28 17:09:00,0.0,12507.0,Spain
561673,23134,Unknown product,107,2011-07-28 17:20:00,0.0,,United Kingdom
561674,21445,Unknown product,1,2011-07-28 17:20:00,0.0,,United Kingdom
561805,23284,Unknown product,-15,2011-07-29 14:42:00,0.0,,United Kingdom
561812,84944,Unknown product,8,2011-07-29 15:25:00,0.0,,United Kingdom
561916,M,Manual,1,2011-08-01 11:44:00,0.0,15581.0,United Kingdom
561918,85127,Unknown product,-6,2011-08-01 12:05:00,0.0,,United Kingdom
561919,85017B,Unknown product,-188,2011-08-01 12:08:00,0.0,,United Kingdom
561920,84352,Damages/samples,-52,2011-08-01 12:10:00,0.0,,United Kingdom
561921,22044,Unknown product,-240,2011-08-01 12:11:00,0.0,,United Kingdom
561924,22042,Unknown product,-197,2011-08-01 12:27:00,0.0,,United Kingdom
561927,22740,?,-1060,2011-08-01 12:49:00,0.0,,United Kingdom
562134,22722,Unknown product,1,2011-08-03 09:50:00,0.0,,United Kingdom
562135,84847,Unknown product,1,2011-08-03 09:50:00,0.0,,United Kingdom
562164,21257,?,-94,2011-08-03 12:08:00,0.0,,United Kingdom
562212,21187,Unknown product,-97,2011-08-03 13:28:00,0.0,,United Kingdom
562215,21147,Unknown product,100,2011-08-03 13:45:00,0.0,,United Kingdom
562278,21391,Sold as 1 on dotcom,-342,2011-08-04 10:27:00,0.0,,United Kingdom
562279,21391,Unknown product,-26,2011-08-04 10:28:00,0.0,,United Kingdom
562352,21735,damages,-59,2011-08-04 13:12:00,0.0,,United Kingdom
562382,22927,?,-40,2011-08-04 15:36:00,0.0,,United Kingdom
562383,22523,?,-90,2011-08-04 15:37:00,0.0,,United Kingdom
562384,23175,Unknown product,-44,2011-08-04 15:41:00,0.0,,United Kingdom
562385,47559B,Unknown product,-84,2011-08-04 15:42:00,0.0,,United Kingdom
562386,84596L,Unknown product,-21,2011-08-04 15:43:00,0.0,,United Kingdom
562390,21246,Unknown product,-92,2011-08-04 16:00:00,0.0,,United Kingdom
562391,22854,Unknown product,-40,2011-08-04 16:02:00,0.0,,United Kingdom
562463,85152,Unknown product,-6,2011-08-05 11:30:00,0.0,,United Kingdom
562464,20701,Unknown product,-24,2011-08-05 11:31:00,0.0,,United Kingdom
562544,84920,Unknown product,-9,2011-08-05 15:46:00,0.0,,United Kingdom
562546,20694,?,-110,2011-08-05 15:46:00,0.0,,United Kingdom
562547,21918,Unknown product,-343,2011-08-05 15:49:00,0.0,,United Kingdom
562548,23084,Unknown product,-84,2011-08-05 16:00:00,0.0,,United Kingdom
562653,21359,Unknown product,-30,2011-08-08 13:35:00,0.0,,United Kingdom
562714,22501,Unknown product,64,2011-08-08 15:23:00,0.0,,United Kingdom
562785,21033,Unknown product,-455,2011-08-09 13:32:00,0.0,,United Kingdom
562855,84800M,Unknown product,-124,2011-08-10 10:16:00,0.0,,United Kingdom
562945,79000,Unknown product,425,2011-08-11 09:35:00,0.0,,United Kingdom
562973,23157,SET OF 6 NATIVITY MAGNETS,240,2011-08-11 11:42:00,0.0,14911.0,EIRE
563015,46000M,POLYESTER FILLER PAD 45x45cm,160,2011-08-11 12:24:00,0.0,,United Kingdom
563015,46000S,POLYESTER FILLER PAD 40x40cm,220,2011-08-11 12:24:00,0.0,,United Kingdom
563101,22084,Unknown product,1,2011-08-12 10:07:00,0.0,,United Kingdom
563102,21359,Unknown product,1,2011-08-12 10:07:00,0.0,,United Kingdom
563105,22194,Unknown product,2,2011-08-12 10:15:00,0.0,,United Kingdom
563106,21658,Unknown product,3,2011-08-12 10:15:00,0.0,,United Kingdom
563108,21033,Unknown product,37,2011-08-12 10:18:00,0.0,,United Kingdom
563148,21033,Unknown product,-37,2011-08-12 11:35:00,0.0,,United Kingdom
A563186,B,Adjust bad debt,1,2011-08-12 14:51:00,-11062.06,,United Kingdom
A563187,B,Adjust bad debt,1,2011-08-12 14:52:00,-11062.06,,United Kingdom
563244,22740,Unknown product,-36,2011-08-15 10:49:00,0.0,,United Kingdom
563359,23084,Unknown product,20,2011-08-15 14:56:00,0.0,,United Kingdom
563445,85049D,Unknown product,1,2011-08-16 14:18:00,0.0,,United Kingdom
563447,21033,Unknown product,50,2011-08-16 14:25:00,0.0,,United Kingdom
563449,85152,Unknown product,2,2011-08-16 14:28:00,0.0,,United Kingdom
563452,21033,Unknown product,12,2011-08-16 14:34:00,0.0,,United Kingdom
563453,21033,taig adjust no stock,-24,2011-08-16 14:34:00,0.0,,United Kingdom
563568,20774,Unknown product,12,2011-08-17 14:45:00,0.0,,United Kingdom
563650,79163,Unknown product,-156,2011-08-18 10:43:00,0.0,,United Kingdom
563652,22461,Unknown product,-36,2011-08-18 10:43:00,0.0,,United Kingdom
563700,85106,Unknown product,-553,2011-08-18 13:55:00,0.0,,United Kingdom
563701,85106,Unknown product,20,2011-08-18 13:55:00,0.0,,United Kingdom
563702,85107,Unknown product,65,2011-08-18 13:55:00,0.0,,United Kingdom
563704,37342,Unknown product,-66,2011-08-18 14:03:00,0.0,,United Kingdom
563715,90120D,Unknown product,-18,2011-08-18 16:08:00,0.0,,United Kingdom
564220,20684,Unknown product,1,2011-08-24 09:34:00,0.0,,United Kingdom
564229,82583,amazon,20,2011-08-24 10:20:00,0.0,,United Kingdom
564530,22683,FRENCH BLUE METAL DOOR SIGN 8,3,2011-08-25 14:57:00,0.0,,United Kingdom
564530,22682,FRENCH BLUE METAL DOOR SIGN 7,1,2011-08-25 14:57:00,0.0,,United Kingdom
564530,22681,FRENCH BLUE METAL DOOR SIGN 6,3,2011-08-25 14:57:00,0.0,,United Kingdom
564530,22680,FRENCH BLUE METAL DOOR SIGN 5,1,2011-08-25 14:57:00,0.0,,United Kingdom
564530,22679,FRENCH BLUE METAL DOOR SIGN 4,3,2011-08-25 14:57:00,0.0,,United Kingdom
564530,22678,FRENCH BLUE METAL DOOR SIGN 3,3,2011-08-25 14:57:00,0.0,,United Kingdom
564530,22677,FRENCH BLUE METAL DOOR SIGN 2,4,2011-08-25 14:57:00,0.0,,United Kingdom
564530,21172,PARTY METAL SIGN,1,2011-08-25 14:57:00,0.0,,United Kingdom
564530,21116,OWL DOORSTOP,1,2011-08-25 14:57:00,0.0,,United Kingdom
564530,20682,RED RETROSPOT CHILDRENS UMBRELLA,1,2011-08-25 14:57:00,0.0,,United Kingdom
564530,85123A,WHITE HANGING HEART T-LIGHT HOLDER,1,2011-08-25 14:57:00,0.0,,United Kingdom
564530,22692,DOORMAT WELCOME TO OUR HOME,1,2011-08-25 14:57:00,0.0,,United Kingdom
564530,22686,FRENCH BLUE METAL DOOR SIGN No,2,2011-08-25 14:57:00,0.0,,United Kingdom
564530,22627,MINT KITCHEN SCALES,3,2011-08-25 14:57:00,0.0,,United Kingdom
564530,22427,ENAMEL FLOWER JUG CREAM,1,2011-08-25 14:57:00,0.0,,United Kingdom
564530,22366,DOORMAT AIRMAIL,1,2011-08-25 14:57:00,0.0,,United Kingdom
564530,22365,DOORMAT RESPECTABLE HOUSE,1,2011-08-25 14:57:00,0.0,,United Kingdom
564530,22362,GLASS JAR PEACOCK BATH SALTS,1,2011-08-25 14:57:00,0.0,,United Kingdom
564530,22363,GLASS JAR MARMALADE,1,2011-08-25 14:57:00,0.0,,United Kingdom
564530,22359,GLASS JAR KINGS CHOICE,1,2011-08-25 14:57:00,0.0,,United Kingdom
564530,22357,KINGS CHOICE BISCUIT TIN,1,2011-08-25 14:57:00,0.0,,United Kingdom
564530,21899,GARAGE KEY FOB,1,2011-08-25 14:57:00,0.0,,United Kingdom
564530,21900,"KEY FOB , SHED",1,2011-08-25 14:57:00,0.0,,United Kingdom
564530,21901,"KEY FOB , BACK DOOR",1,2011-08-25 14:57:00,0.0,,United Kingdom
564530,21561,DINOSAUR LUNCH BOX WITH CUTLERY,1,2011-08-25 14:57:00,0.0,,United Kingdom
564530,21452,TOADSTOOL MONEY BOX,1,2011-08-25 14:57:00,0.0,,United Kingdom
564530,22685,FRENCH BLUE METAL DOOR SIGN 0,3,2011-08-25 14:57:00,0.0,,United Kingdom
564530,22676,FRENCH BLUE METAL DOOR SIGN 1,3,2011-08-25 14:57:00,0.0,,United Kingdom
564530,22684,FRENCH BLUE METAL DOOR SIGN 9,1,2011-08-25 14:57:00,0.0,,United Kingdom
564533,23348,Unknown product,100,2011-08-25 15:09:00,0.0,,United Kingdom
564633,23084,Unknown product,400,2011-08-26 12:14:00,0.0,,United Kingdom
564644,82583,Unknown product,5,2011-08-26 13:35:00,0.0,,United Kingdom
564645,82583,amazon,44,2011-08-26 13:38:00,0.0,,United Kingdom
564651,23270,SET OF 2 CERAMIC PAINTED HEARTS,96,2011-08-26 14:19:00,0.0,14646.0,Netherlands
564651,23268,SET OF 2 CERAMIC CHRISTMAS REINDEER,192,2011-08-26 14:19:00,0.0,14646.0,Netherlands
564651,22955,36 FOIL STAR CAKE CASES,144,2011-08-26 14:19:00,0.0,14646.0,Netherlands
564651,21786,POLKADOT RAIN HAT,144,2011-08-26 14:19:00,0.0,14646.0,Netherlands
564667,23084,Unknown product,-400,2011-08-26 15:08:00,0.0,,United Kingdom
564761,gift_0001_30,Unknown product,30,2011-08-30 10:48:00,0.0,,United Kingdom
564762,gift_0001_10,Unknown product,30,2011-08-30 10:48:00,0.0,,United Kingdom
564914,85132C,damages,-109,2011-08-31 12:40:00,0.0,,United Kingdom
564915,21673,Unknown product,26,2011-08-31 12:41:00,0.0,,United Kingdom
564916,22157,Unknown product,31,2011-08-31 12:42:00,0.0,,United Kingdom
564917,79000,Unknown product,245,2011-08-31 12:42:00,0.0,,United Kingdom
564918,16046,Unknown product,21,2011-08-31 12:42:00,0.0,,United Kingdom
564919,23284,Unknown product,8,2011-08-31 12:43:00,0.0,,United Kingdom
564920,48116,Unknown product,8,2011-08-31 12:43:00,0.0,,United Kingdom
564921,85214,Unknown product,6,2011-08-31 12:43:00,0.0,,United Kingdom
564922,22084,Unknown product,5,2011-08-31 12:43:00,0.0,,United Kingdom
564923,21868,Unknown product,2,2011-08-31 12:44:00,0.0,,United Kingdom
564924,21272,Unknown product,1,2011-08-31 12:44:00,0.0,,United Kingdom
564925,21662,Unknown product,1,2011-08-31 12:45:00,0.0,,United Kingdom
564926,22968,Unknown product,9,2011-08-31 12:45:00,0.0,,United Kingdom
564927,23175,Unknown product,2,2011-08-31 12:45:00,0.0,,United Kingdom
564928,35966,Unknown product,1,2011-08-31 12:46:00,0.0,,United Kingdom
564929,37501,Unknown product,1,2011-08-31 12:46:00,0.0,,United Kingdom
565042,85185B,Unknown product,-27,2011-08-31 17:01:00,0.0,,United Kingdom
565043,22171,Unknown product,8,2011-08-31 17:01:00,0.0,,United Kingdom
565045,21670,Unknown product,-115,2011-08-31 17:03:00,0.0,,United Kingdom
565046,22606,Unknown product,-49,2011-08-31 17:04:00,0.0,,United Kingdom
565047,21257,Unknown product,7,2011-08-31 17:04:00,0.0,,United Kingdom
565048,84976,Unknown product,-66,2011-08-31 17:06:00,0.0,,United Kingdom
565049,21907,Unknown product,-77,2011-08-31 17:09:00,0.0,,United Kingdom
565052,21179,Unknown product,-60,2011-08-31 17:11:00,0.0,,United Kingdom
565055,21172,Unknown product,-10,2011-08-31 17:11:00,0.0,,United Kingdom
565057,82551,Unknown product,-110,2011-08-31 17:12:00,0.0,,United Kingdom
565060,21165,Unknown product,-46,2011-08-31 17:15:00,0.0,,United Kingdom
565063,21175,Unknown product,-18,2011-08-31 17:15:00,0.0,,United Kingdom
565069,20665,Unknown product,-49,2011-08-31 17:18:00,0.0,,United Kingdom
565070,85032D,Unknown product,171,2011-08-31 17:18:00,0.0,,United Kingdom
565071,84754,Unknown product,-242,2011-08-31 17:21:00,0.0,,United Kingdom
565072,21820,Unknown product,-210,2011-08-31 17:22:00,0.0,,United Kingdom
565081,21067,Unknown product,1,2011-09-01 09:03:00,0.0,,United Kingdom
565275,90209C,Unknown product,-72,2011-09-02 11:08:00,0.0,,United Kingdom
565288,23135,?,101,2011-09-02 11:43:00,0.0,,United Kingdom
565296,84929,code mix up? 84930,-967,2011-09-02 12:04:00,0.0,,United Kingdom
565297,84877D,?,-203,2011-09-02 12:06:00,0.0,,United Kingdom
565302,21682,?display?,-156,2011-09-02 12:16:00,0.0,,United Kingdom
565304,16259,Unknown product,-3167,2011-09-02 12:18:00,0.0,,United Kingdom
565306,21830,sold as 1,-252,2011-09-02 12:20:00,0.0,,United Kingdom
565307,21830,?,-443,2011-09-02 12:20:00,0.0,,United Kingdom
565308,21829,sold as 1,-432,2011-09-02 12:22:00,0.0,,United Kingdom
565310,21829,?missing,-1897,2011-09-02 12:26:00,0.0,,United Kingdom
565314,84660C,Unknown product,-21,2011-09-02 12:43:00,0.0,,United Kingdom
565319,23348,Unknown product,225,2011-09-02 13:07:00,0.0,,United Kingdom
565368,21784,Unknown product,1,2011-09-02 14:59:00,0.0,,United Kingdom
565369,37342,Unknown product,1,2011-09-02 15:02:00,0.0,,United Kingdom
565370,82494L,crushed ctn,-33,2011-09-02 15:04:00,0.0,,United Kingdom
565371,82483,crushed,-13,2011-09-02 15:04:00,0.0,,United Kingdom
565376,21682,Unknown product,144,2011-09-02 15:10:00,0.0,,United Kingdom
565385,22435,?missing,-434,2011-09-02 15:46:00,0.0,,United Kingdom
565389,47343A,Unknown product,-16,2011-09-02 16:19:00,0.0,,United Kingdom
565543,22502,Unknown product,8,2011-09-05 12:07:00,0.0,,United Kingdom
565544,84989A,Unknown product,1,2011-09-05 12:09:00,0.0,,United Kingdom
565545,20973,Unknown product,1,2011-09-05 12:09:00,0.0,,United Kingdom
565556,POST,Unknown product,750,2011-09-05 12:14:00,0.0,,United Kingdom
565797,47570B,Unknown product,1,2011-09-07 10:15:00,0.0,,United Kingdom
565798,85232D,Unknown product,1,2011-09-07 10:15:00,0.0,,United Kingdom
565935,23064,Crushed,-8,2011-09-08 10:46:00,0.0,,United Kingdom
565938,23066,Unknown product,-13,2011-09-08 10:54:00,0.0,,United Kingdom
566064,22355,test,1,2011-09-08 15:53:00,0.0,,United Kingdom
566065,84660C,Unknown product,1,2011-09-08 16:14:00,0.0,,United Kingdom
566066,15060B,Unknown product,-52,2011-09-08 16:36:00,0.0,,United Kingdom
566067,20686,Unknown product,-95,2011-09-08 16:36:00,0.0,,United Kingdom
566068,22268,Unknown product,-86,2011-09-08 16:37:00,0.0,,United Kingdom
566121,23306,Unknown product,-682,2011-09-09 10:56:00,0.0,,United Kingdom
566122,23084,temp adjustment,-484,2011-09-09 10:57:00,0.0,,United Kingdom
566316,23306,Unknown product,682,2011-09-12 10:07:00,0.0,,United Kingdom
566323,22035,Unknown product,1,2011-09-12 12:02:00,0.0,,United Kingdom
566324,22035,taig adjust,1,2011-09-12 12:03:00,0.0,,United Kingdom
566325,22035,taig adjust,36,2011-09-12 12:03:00,0.0,,United Kingdom
566327,23084,allocate stock for dotcom orders ta,4,2011-09-12 12:13:00,0.0,,United Kingdom
566449,20856,??,-140,2011-09-12 16:07:00,0.0,,United Kingdom
566476,23084,add stock to allocate online orders,2,2011-09-13 09:01:00,0.0,,United Kingdom
566478,23084,for online retail orders,1,2011-09-13 09:03:00,0.0,,United Kingdom
566493,23284,Unknown product,1,2011-09-13 10:52:00,0.0,,United Kingdom
566573,22823,test,-22,2011-09-13 13:10:00,0.0,,United Kingdom
566574,22823,test,22,2011-09-13 13:14:00,0.0,,United Kingdom
566593,22035,Unknown product,18,2011-09-13 14:59:00,0.0,,United Kingdom
566615,23084,Unknown product,344,2011-09-13 17:30:00,0.0,,United Kingdom
566710,16207B,Unknown product,-4,2011-09-14 12:03:00,0.0,,United Kingdom
566711,21578,Unknown product,-31,2011-09-14 12:03:00,0.0,,United Kingdom
566712,22030,??,-635,2011-09-14 12:04:00,0.0,,United Kingdom
566762,85232D,Unknown product,143,2011-09-14 17:35:00,0.0,,United Kingdom
566763,84708B,Unknown product,-5,2011-09-14 17:48:00,0.0,,United Kingdom
566764,23065,Unknown product,-13,2011-09-14 17:49:00,0.0,,United Kingdom
566765,22244,Unknown product,-9,2011-09-14 17:50:00,0.0,,United Kingdom
566766,21311,Unknown product,-117,2011-09-14 17:51:00,0.0,,United Kingdom
566767,20977,Unknown product,-188,2011-09-14 17:52:00,0.0,,United Kingdom
566768,16045,Unknown product,-3667,2011-09-14 17:53:00,0.0,,United Kingdom
566924,79163,Unknown product,15,2011-09-15 15:17:00,0.0,,United Kingdom
566977,48173C,Unknown product,-54,2011-09-16 09:47:00,0.0,,United Kingdom
566982,85049B,Amazon,1,2011-09-16 10:15:00,0.0,,United Kingdom
566983,23084,Amazon,1,2011-09-16 10:16:00,0.0,,United Kingdom
567056,22050,Unknown product,25,2011-09-16 11:39:00,0.0,,United Kingdom
567057,84725,Unknown product,-8,2011-09-16 11:39:00,0.0,,United Kingdom
567058,22453,Unknown product,-12,2011-09-16 11:40:00,0.0,,United Kingdom
567059,22452,Unknown product,-63,2011-09-16 11:41:00,0.0,,United Kingdom
567060,22445,Unknown product,-62,2011-09-16 11:41:00,0.0,,United Kingdom
567061,84877B,Unknown product,-27,2011-09-16 11:42:00,0.0,,United Kingdom
567063,23135,Unknown product,-27,2011-09-16 11:50:00,0.0,,United Kingdom
567064,23135,Unknown product,27,2011-09-16 11:51:00,0.0,,United Kingdom
567113,85215,Damaged,-29,2011-09-16 13:39:00,0.0,,United Kingdom
567125,21246,damaged,-2,2011-09-16 13:49:00,0.0,,United Kingdom
567127,85230E,Damaged,-48,2011-09-16 14:01:00,0.0,,United Kingdom
567129,72127,found box,24,2011-09-16 14:05:00,0.0,,United Kingdom
567131,21830,damaged,192,2011-09-16 14:13:00,0.0,,United Kingdom
567132,21830,OOPS ! adjustment,-384,2011-09-16 14:14:00,0.0,,United Kingdom
567133,85185B,Found in w/hse,50,2011-09-16 14:17:00,0.0,,United Kingdom
567137,84929,found,600,2011-09-16 14:39:00,0.0,,United Kingdom
567143,21179,damaged,-14,2011-09-16 15:02:00,0.0,,United Kingdom
567149,35607B,thrown away,-9,2011-09-16 15:29:00,0.0,,United Kingdom
567150,35817P,thrown away,-44,2011-09-16 15:29:00,0.0,,United Kingdom
567151,35815P,Unknown product,34,2011-09-16 15:51:00,0.0,,United Kingdom
567152,35598C,found,3,2011-09-16 15:58:00,0.0,,United Kingdom
567201,23084,website fixed,110,2011-09-19 10:28:00,0.0,,United Kingdom
567207,35592T,Unknown product,4,2011-09-19 11:01:00,0.0,,United Kingdom
567208,35597D,Unknown product,2,2011-09-19 11:01:00,0.0,,United Kingdom
567335,35965,Unknown product,6,2011-09-19 14:55:00,0.0,,United Kingdom
567337,35965,Unknown product,5,2011-09-19 14:56:00,0.0,,United Kingdom
567363,23028,Unknown product,-49,2011-09-19 16:58:00,0.0,,United Kingdom
567364,22925,Unknown product,-20,2011-09-19 16:58:00,0.0,,United Kingdom
567366,21174,Unknown product,-138,2011-09-19 16:59:00,0.0,,United Kingdom
567367,17012A,Unknown product,-86,2011-09-19 17:15:00,0.0,,United Kingdom
567371,22084,Unknown product,7,2011-09-20 09:24:00,0.0,,United Kingdom
567629,40016,?,-752,2011-09-21 13:21:00,0.0,,United Kingdom
567645,21447,Unknown product,-53,2011-09-21 14:27:00,0.0,,United Kingdom
567680,23284,Unknown product,4,2011-09-21 16:17:00,0.0,,United Kingdom
567693,85199L,?,-250,2011-09-21 17:26:00,0.0,,United Kingdom
567694,22665,Unknown product,-24,2011-09-21 17:30:00,0.0,,United Kingdom
567695,22688,Unknown product,-42,2011-09-21 17:31:00,0.0,,United Kingdom
567696,23091,Unknown product,-15,2011-09-21 17:32:00,0.0,,United Kingdom
567719,20980,Unknown product,-7,2011-09-22 10:32:00,0.0,,United Kingdom
567861,35597A,Unknown product,-14,2011-09-22 14:01:00,0.0,,United Kingdom
567862,35591T,Unknown product,-4,2011-09-22 14:02:00,0.0,,United Kingdom
567863,35598A,Unknown product,8,2011-09-22 14:03:00,0.0,,United Kingdom
567918,79163,damaged,-1,2011-09-22 17:20:00,0.0,,United Kingdom
567920,84875D,found,5,2011-09-22 17:21:00,0.0,,United Kingdom
567921,21089,damaged,-7,2011-09-22 17:24:00,0.0,,United Kingdom
567923,37343,damaged,-2,2011-09-22 17:24:00,0.0,,United Kingdom
567925,84876D,damaged,-2,2011-09-22 17:26:00,0.0,,United Kingdom
567926,84877D,found,1,2011-09-22 17:27:00,0.0,,United Kingdom
567927,21654,Damaged,-3,2011-09-22 17:28:00,0.0,,United Kingdom
567931,84563B,damaged,-11,2011-09-22 17:38:00,0.0,,United Kingdom
567932,85213,Unknown product,-12,2011-09-22 17:39:00,0.0,,United Kingdom
567933,84422,Dagamed,-30,2011-09-22 17:49:00,0.0,,United Kingdom
568052,90209C,Unknown product,-3,2011-09-23 12:42:00,0.0,,United Kingdom
568053,90209C,Unknown product,3,2011-09-23 12:44:00,0.0,,United Kingdom
568079,85197,Unknown product,-1,2011-09-23 14:35:00,0.0,,United Kingdom
568080,44236,Unknown product,-2,2011-09-23 14:35:00,0.0,,United Kingdom
568081,84663A,Unknown product,-9,2011-09-23 14:36:00,0.0,,United Kingdom
568084,84927A,Unknown product,-7,2011-09-23 14:38:00,0.0,,United Kingdom
568085,84912A,Unknown product,2,2011-09-23 14:39:00,0.0,,United Kingdom
568087,85049D,Unknown product,-8,2011-09-23 14:40:00,0.0,,United Kingdom
568088,21641,Unknown product,-49,2011-09-23 14:40:00,0.0,,United Kingdom
568089,22245,Unknown product,-37,2011-09-23 14:41:00,0.0,,United Kingdom
568090,20793,Unknown product,-5,2011-09-23 14:41:00,0.0,,United Kingdom
568091,85211,Unknown product,-3,2011-09-23 14:41:00,0.0,,United Kingdom
568092,23134,Unknown product,1,2011-09-23 14:42:00,0.0,,United Kingdom
568093,20773,Unknown product,-9,2011-09-23 14:42:00,0.0,,United Kingdom
568102,35911A,Unknown product,20,2011-09-23 15:34:00,0.0,,United Kingdom
568158,PADS,PADS TO MATCH ALL CUSHIONS,1,2011-09-25 12:22:00,0.0,16133.0,United Kingdom
568233,21586,Unknown product,-147,2011-09-26 11:37:00,0.0,,United Kingdom
568302,20700,?,-121,2011-09-26 12:46:00,0.0,,United Kingdom
568365,84663A,Unknown product,30,2011-09-26 15:45:00,0.0,,United Kingdom
568371,22687,Unknown product,-41,2011-09-26 16:48:00,0.0,,United Kingdom
568372,90082D,Unknown product,-19,2011-09-26 16:54:00,0.0,,United Kingdom
568384,M,Manual,1,2011-09-27 09:46:00,0.0,12748.0,United Kingdom
568401,21394,damages,-35,2011-09-27 10:30:00,0.0,,United Kingdom
568403,84905,Unknown product,-3,2011-09-27 10:35:00,0.0,,United Kingdom
568404,22497,Unknown product,-17,2011-09-27 10:36:00,0.0,,United Kingdom
568405,22893,Unknown product,-42,2011-09-27 10:36:00,0.0,,United Kingdom
568406,18094C,Unknown product,-67,2011-09-27 10:37:00,0.0,,United Kingdom
568407,84660A,Unknown product,-8,2011-09-27 10:38:00,0.0,,United Kingdom
568442,37327,damages,-131,2011-09-27 11:31:00,0.0,,United Kingdom
568543,84920,Unknown product,-21,2011-09-27 14:33:00,0.0,,United Kingdom
568544,84921,Unknown product,5,2011-09-27 14:33:00,0.0,,United Kingdom
568545,22548,Unknown product,-70,2011-09-27 14:34:00,0.0,,United Kingdom
568546,22409,Unknown product,-20,2011-09-27 14:35:00,0.0,,United Kingdom
568548,21830,Unknown product,240,2011-09-27 14:40:00,0.0,,United Kingdom
568567,46000S,POLYESTER FILLER PAD 40x40cm,320,2011-09-27 18:41:00,0.0,,United Kingdom
568567,46000M,POLYESTER FILLER PAD 45x45cm,140,2011-09-27 18:41:00,0.0,,United Kingdom
568724,84816,damages,-21,2011-09-28 16:27:00,0.0,,United Kingdom
568725,79000,Unknown product,-209,2011-09-28 16:28:00,0.0,,United Kingdom
568946,22740,adjustment,89,2011-09-29 15:01:00,0.0,,United Kingdom
568948,20984,found,120,2011-09-29 15:13:00,0.0,,United Kingdom
569083,23084,Unknown product,3,2011-09-30 11:56:00,0.0,,United Kingdom
569098,21098,damages?,-231,2011-09-30 12:09:00,0.0,,United Kingdom
569102,21098,Unknown product,-129,2011-09-30 12:25:00,0.0,,United Kingdom
569121,21244,Unknown product,-38,2011-09-30 13:03:00,0.0,,United Kingdom
569131,22927,damaged,-5,2011-09-30 13:49:00,0.0,,United Kingdom
569135,21349,Unknown product,5,2011-09-30 14:20:00,0.0,,United Kingdom
569256,20774,damaged,-14,2011-10-03 11:15:00,0.0,,United Kingdom
569335,84660A,damaged,-15,2011-10-03 13:57:00,0.0,,United Kingdom
569341,82600,historic computer difference?....se,-458,2011-10-03 14:19:00,0.0,,United Kingdom
569347,85086A,Unknown product,-6,2011-10-03 14:38:00,0.0,,United Kingdom
569375,22829,Unknown product,3,2011-10-03 16:29:00,0.0,,United Kingdom
569376,85106,Unknown product,-9,2011-10-03 16:29:00,0.0,,United Kingdom
569377,22784,Unknown product,-14,2011-10-03 16:30:00,0.0,,United Kingdom
569378,72799F,Unknown product,-5,2011-10-03 16:31:00,0.0,,United Kingdom
569379,16015,Unknown product,-69,2011-10-03 16:33:00,0.0,,United Kingdom
569380,21809,Unknown product,-140,2011-10-03 16:40:00,0.0,,United Kingdom
569381,84660A,Unknown product,15,2011-10-03 16:44:00,0.0,,United Kingdom
569391,84625C,Unknown product,-32,2011-10-03 17:13:00,0.0,,United Kingdom
569392,47504K,Unknown product,-275,2011-10-03 17:15:00,0.0,,United Kingdom
569393,23152,Unknown product,-23,2011-10-03 17:15:00,0.0,,United Kingdom
569394,21163,Unknown product,-70,2011-10-03 17:16:00,0.0,,United Kingdom
569458,20984,Unknown product,58,2011-10-04 11:31:00,0.0,,United Kingdom
569463,23268,Lighthouse Trading zero invc incorr,192,2011-10-04 11:39:00,0.0,,United Kingdom
569464,23268,Incorrect stock entry.,-1440,2011-10-04 11:40:00,0.0,,United Kingdom
569465,23269,incorrect stock entry.,-1440,2011-10-04 11:41:00,0.0,,United Kingdom
569466,23270,incorrect stock entry.,-2880,2011-10-04 11:42:00,0.0,,United Kingdom
569517,23084,Unknown product,14,2011-10-04 14:14:00,0.0,,United Kingdom
569540,21586,Unknown product,96,2011-10-04 16:05:00,0.0,,United Kingdom
569541,21587,Unknown product,48,2011-10-04 16:06:00,0.0,,United Kingdom
569578,23084,Unknown product,5,2011-10-05 11:06:00,0.0,,United Kingdom
569657,84944,michel oops,22,2011-10-05 12:59:00,0.0,,United Kingdom
569681,84944,Unknown product,25,2011-10-05 14:31:00,0.0,,United Kingdom
569716,22778,GLASS CLOCHE SMALL,2,2011-10-06 08:17:00,0.0,15804.0,United Kingdom
569817,21870,Unknown product,-26,2011-10-06 12:09:00,0.0,,United Kingdom
569830,23343,wrongly coded 20713,800,2011-10-06 12:38:00,0.0,,United Kingdom
569831,20713,wrongly coded-23343,-800,2011-10-06 12:38:00,0.0,,United Kingdom
569854,35954,counted,-430,2011-10-06 14:26:00,0.0,,United Kingdom
569855,23412,?,-30,2011-10-06 14:27:00,0.0,,United Kingdom
569874,90180A,stock check,-32,2011-10-06 15:06:00,0.0,,United Kingdom
569875,90195A,check,-45,2011-10-06 15:07:00,0.0,,United Kingdom
569876,90210D,check,-28,2011-10-06 15:08:00,0.0,,United Kingdom
569877,90210C,Unknown product,-10,2011-10-06 15:09:00,0.0,,United Kingdom
569878,90057,crushed boxes,-380,2011-10-06 15:12:00,0.0,,United Kingdom
569879,90012B,check,-5,2011-10-06 15:13:00,0.0,,United Kingdom
569880,90012A,stock check,-18,2011-10-06 15:14:00,0.0,,United Kingdom
569881,90014C,Unknown product,-8,2011-10-06 15:14:00,0.0,,United Kingdom
569882,90014B,Unknown product,-1,2011-10-06 15:15:00,0.0,,United Kingdom
569883,90014A,check,-12,2011-10-06 15:16:00,0.0,,United Kingdom
569884,90164B,Unknown product,-14,2011-10-06 15:16:00,0.0,,United Kingdom
569885,90164A,Unknown product,-15,2011-10-06 15:17:00,0.0,,United Kingdom
569886,90191,??,-60,2011-10-06 15:24:00,0.0,,United Kingdom
569895,23348,Unknown product,420,2011-10-06 15:55:00,0.0,,United Kingdom
569924,22837,Unknown product,9,2011-10-06 17:44:00,0.0,,United Kingdom
569925,21067,Unknown product,6,2011-10-06 17:45:00,0.0,,United Kingdom
569926,35815P,Unknown product,6,2011-10-06 17:45:00,0.0,,United Kingdom
569927,22171,Unknown product,9,2011-10-06 17:45:00,0.0,,United Kingdom
569928,22062,Unknown product,16,2011-10-06 17:49:00,0.0,,United Kingdom
569929,22084,Unknown product,2,2011-10-06 17:50:00,0.0,,United Kingdom
569930,35914,Unknown product,2,2011-10-06 17:50:00,0.0,,United Kingdom
569931,37370,Unknown product,18,2011-10-06 17:50:00,0.0,,United Kingdom
569933,84849D,Unknown product,101,2011-10-06 17:51:00,0.0,,United Kingdom
569934,85049D,Unknown product,1,2011-10-06 17:51:00,0.0,,United Kingdom
569935,90209B,Unknown product,1,2011-10-06 17:52:00,0.0,,United Kingdom
569937,90209C,Unknown product,1,2011-10-06 17:52:00,0.0,,United Kingdom
569947,22062,Unknown product,20,2011-10-06 18:20:00,0.0,,United Kingdom
570013,21395,Unknown product,-38,2011-10-07 09:55:00,0.0,,United Kingdom
570015,21394,Unknown product,42,2011-10-07 09:56:00,0.0,,United Kingdom
570065,22688,Unknown product,2,2011-10-07 11:07:00,0.0,,United Kingdom
570110,22570,?,-74,2011-10-07 12:27:00,0.0,,United Kingdom
570112,22569,?,-84,2011-10-07 12:29:00,0.0,,United Kingdom
570120,22570,Unknown product,6,2011-10-07 12:49:00,0.0,,United Kingdom
570185,21090,WET/MOULDY,-192,2011-10-07 14:56:00,0.0,,United Kingdom
570193,22449,can't find,-125,2011-10-07 15:32:00,0.0,,United Kingdom
570198,47504K,Unknown product,72,2011-10-07 15:50:00,0.0,,United Kingdom
570259,22336,Unknown product,-114,2011-10-10 09:59:00,0.0,,United Kingdom
570260,35933,Unknown product,-34,2011-10-10 10:00:00,0.0,,United Kingdom
570261,35933,Unknown product,10,2011-10-10 10:00:00,0.0,,United Kingdom
570262,35954,Unknown product,-80,2011-10-10 10:00:00,0.0,,United Kingdom
570263,23412,Unknown product,2,2011-10-10 10:00:00,0.0,,United Kingdom
570264,21288,Unknown product,-22,2011-10-10 10:03:00,0.0,,United Kingdom
570294,84249A,damaged,-25,2011-10-10 12:00:00,0.0,,United Kingdom
570403,47574A,check,-61,2011-10-10 12:45:00,0.0,,United Kingdom
570440,21424,damages,-40,2011-10-10 14:31:00,0.0,,United Kingdom
570451,37467,Unknown product,15,2011-10-10 15:15:00,0.0,,United Kingdom
570518,23268,Unknown product,4,2011-10-11 10:41:00,0.0,,United Kingdom
570519,21244,Unknown product,5,2011-10-11 10:42:00,0.0,,United Kingdom
570520,23412,Unknown product,2,2011-10-11 10:43:00,0.0,,United Kingdom
570595,21823,check,-94,2011-10-11 11:47:00,0.0,,United Kingdom
570596,21803,check,-38,2011-10-11 11:48:00,0.0,,United Kingdom
570599,84596G,??,-365,2011-10-11 12:00:00,0.0,,United Kingdom
570645,84247E,Unknown product,24,2011-10-11 12:44:00,0.0,,United Kingdom
570691,85231G,check,-110,2011-10-11 16:44:00,0.0,,United Kingdom
570709,21098,Unknown product,19,2011-10-12 10:13:00,0.0,,United Kingdom
570710,21918,Unknown product,10,2011-10-12 10:13:00,0.0,,United Kingdom
570711,21622,damages,-45,2011-10-12 10:14:00,0.0,,United Kingdom
570712,22121,?,-90,2011-10-12 10:15:00,0.0,,United Kingdom
570822,22501,Found,24,2011-10-12 12:52:00,0.0,,United Kingdom
570860,16168M,found,44,2011-10-12 15:25:00,0.0,,United Kingdom
570868,21311,Unknown product,96,2011-10-12 16:18:00,0.0,,United Kingdom
570869,79164,Unknown product,36,2011-10-12 16:21:00,0.0,,United Kingdom
570873,23322,mouldy,-40,2011-10-12 16:41:00,0.0,,United Kingdom
570874,23020,smashed,-4,2011-10-12 16:42:00,0.0,,United Kingdom
571010,22848,Unknown product,-16,2011-10-13 12:13:00,0.0,,United Kingdom
571011,21078,Unknown product,-207,2011-10-13 12:13:00,0.0,,United Kingdom
571012,21402,Unknown product,-147,2011-10-13 12:15:00,0.0,,United Kingdom
571013,23306,Unknown product,-104,2011-10-13 12:16:00,0.0,,United Kingdom
571016,84596G,Unknown product,288,2011-10-13 12:17:00,0.0,,United Kingdom
571024,22812,?,-270,2011-10-13 12:18:00,0.0,,United Kingdom
571027,72816,Unknown product,-36,2011-10-13 12:19:00,0.0,,United Kingdom
571035,M,Manual,1,2011-10-13 12:50:00,0.0,12446.0,RSA
571037,20669,Unknown product,-25,2011-10-13 12:58:00,0.0,,United Kingdom
571042,23306,Unknown product,48,2011-10-13 13:04:00,0.0,,United Kingdom
571112,22637,damages,-65,2011-10-13 17:36:00,0.0,,United Kingdom
571113,21407,Unknown product,-19,2011-10-13 17:37:00,0.0,,United Kingdom
571114,23159,Unknown product,-99,2011-10-13 17:40:00,0.0,,United Kingdom
571115,82567,Unknown product,-73,2011-10-13 17:40:00,0.0,,United Kingdom
571116,23131,?,-49,2011-10-13 17:46:00,0.0,,United Kingdom
571124,72802A,Wet pallet-thrown away,-306,2011-10-14 09:36:00,0.0,,United Kingdom
571126,72802A,?,-50,2011-10-14 09:53:00,0.0,,United Kingdom
571128,72802A,Had been put aside.,54,2011-10-14 10:03:00,0.0,,United Kingdom
571130,72802C,check,-37,2011-10-14 10:05:00,0.0,,United Kingdom
571131,72802B,check,-51,2011-10-14 10:13:00,0.0,,United Kingdom
571198,21190,Unknown product,48,2011-10-14 12:16:00,0.0,,United Kingdom
571249,23084,Unknown product,6,2011-10-14 16:25:00,0.0,,United Kingdom
571254,23427,damaged,-2,2011-10-14 17:07:00,0.0,,United Kingdom
571458,21761,damaged,-2,2011-10-17 14:02:00,0.0,,United Kingdom
571459,20839,damages,-80,2011-10-17 14:03:00,0.0,,United Kingdom
571460,46775D,Unknown product,6,2011-10-17 14:06:00,0.0,,United Kingdom
571633,20713,found,100,2011-10-18 11:27:00,0.0,,United Kingdom
571674,23702,Unknown product,100,2011-10-18 13:22:00,0.0,,United Kingdom
571686,22149,damages,-40,2011-10-18 14:22:00,0.0,,United Kingdom
571687,22149,check,-46,2011-10-18 14:23:00,0.0,,United Kingdom
571688,22149,Unknown product,46,2011-10-18 14:24:00,0.0,,United Kingdom
571689,85135B,Unknown product,-27,2011-10-18 14:28:00,0.0,,United Kingdom
571704,23579,Sale error,4,2011-10-18 15:15:00,0.0,,United Kingdom
571718,21801,Unknown product,5,2011-10-18 17:29:00,0.0,,United Kingdom
571719,22729,Unknown product,7,2011-10-18 17:29:00,0.0,,United Kingdom
571720,85211,Unknown product,3,2011-10-18 17:29:00,0.0,,United Kingdom
571721,21738,Unknown product,2,2011-10-18 17:30:00,0.0,,United Kingdom
571722,22062,Unknown product,1,2011-10-18 17:30:00,0.0,,United Kingdom
571723,85211,Unknown product,-1,2011-10-18 17:30:00,0.0,,United Kingdom
571731,21911,Unknown product,1,2011-10-19 09:51:00,0.0,,United Kingdom
571915,21627,check,-32,2011-10-19 15:34:00,0.0,,United Kingdom
572239,84247E,Unknown product,1,2011-10-21 15:15:00,0.0,,United Kingdom
572341,85036A,Unknown product,-82,2011-10-24 10:36:00,0.0,,United Kingdom
572345,20713,Found,100,2011-10-24 10:53:00,0.0,,United Kingdom
572468,72803A,damages,-160,2011-10-24 13:30:00,0.0,,United Kingdom
572476,20665,dotcom,21,2011-10-24 13:39:00,0.0,,United Kingdom
572477,20665,adjustment,-15,2011-10-24 13:39:00,0.0,,United Kingdom
572480,22049,damaged,-100,2011-10-24 13:44:00,0.0,,United Kingdom
572510,20967,Amazon Adjustment,1,2011-10-24 14:27:00,0.0,,United Kingdom
572514,20774,Unknown product,-4,2011-10-24 14:36:00,0.0,,United Kingdom
572516,22336,damaged,-71,2011-10-24 14:45:00,0.0,,United Kingdom
572527,20984,damaged,-46,2011-10-24 15:35:00,0.0,,United Kingdom
572533,84877D,Unknown product,-1,2011-10-24 16:06:00,0.0,,United Kingdom
572534,35597D,Unknown product,-2,2011-10-24 16:07:00,0.0,,United Kingdom
572536,21294,Unknown product,-8,2011-10-24 16:08:00,0.0,,United Kingdom
572537,37327,Unknown product,2,2011-10-24 16:09:00,0.0,,United Kingdom
572539,79030D,Unknown product,13,2011-10-24 16:10:00,0.0,,United Kingdom
572543,22570,Unknown product,-32,2011-10-24 16:24:00,0.0,,United Kingdom
572547,20713,wrongly marked 23343,200,2011-10-24 17:01:00,0.0,,United Kingdom
572548,23343,20713 wrongly marked,-200,2011-10-24 17:01:00,0.0,,United Kingdom
572557,22427,damages,-29,2011-10-24 17:44:00,0.0,,United Kingdom
572564,40016,Unknown product,-108,2011-10-25 09:56:00,0.0,,United Kingdom
572614,23595,adjustment,5,2011-10-25 11:38:00,0.0,,United Kingdom
572615,23595,re-adjustment,-5,2011-10-25 11:39:00,0.0,,United Kingdom
572684,23029,damages,-20,2011-10-25 14:00:00,0.0,,United Kingdom
572685,23032,damages,-60,2011-10-25 14:01:00,0.0,,United Kingdom
572686,23118,Breakages,-30,2011-10-25 14:03:00,0.0,,United Kingdom
572687,20840,damages,-30,2011-10-25 14:05:00,0.0,,United Kingdom
572689,84969,check,-50,2011-10-25 14:13:00,0.0,,United Kingdom
572690,21539,damages?,-111,2011-10-25 14:14:00,0.0,,United Kingdom
572691,22426,check,-15,2011-10-25 14:15:00,0.0,,United Kingdom
572692,21071,check,-82,2011-10-25 14:16:00,0.0,,United Kingdom
572693,35810A,check,-78,2011-10-25 14:20:00,0.0,,United Kingdom
572694,35810B,Unknown product,12,2011-10-25 14:21:00,0.0,,United Kingdom
572697,22087,Amazon,6,2011-10-25 14:24:00,0.0,,United Kingdom
572698,82613A,Amazon,1,2011-10-25 14:25:00,0.0,,United Kingdom
572699,72818,Unknown product,-48,2011-10-25 14:26:00,0.0,,United Kingdom
572700,72818,Unknown product,1,2011-10-25 14:26:00,0.0,,United Kingdom
572701,85078,missing,-840,2011-10-25 14:31:00,0.0,,United Kingdom
572702,37479P,??,-184,2011-10-25 14:33:00,0.0,,United Kingdom
572716,22829,Unknown product,2,2011-10-25 14:46:00,0.0,,United Kingdom
572723,21829,adjustment,12,2011-10-25 15:13:00,0.0,,United Kingdom
572724,84507C,adjustment,4,2011-10-25 15:14:00,0.0,,United Kingdom
572725,20754,Found,57,2011-10-25 15:14:00,0.0,,United Kingdom
572731,35914,Unknown product,2,2011-10-25 15:20:00,0.0,,United Kingdom
572739,21578,found,16,2011-10-25 15:44:00,0.0,,United Kingdom
572740,22687,adjustment,1,2011-10-25 15:45:00,0.0,,United Kingdom
572748,21824,check,-103,2011-10-25 16:50:00,0.0,,United Kingdom
572749,22572,??,-335,2011-10-25 16:52:00,0.0,,United Kingdom
572759,37468,Unknown product,-2,2011-10-25 18:45:00,0.0,,United Kingdom
572890,20713,Marked as 23343,400,2011-10-26 14:14:00,0.0,,United Kingdom
572891,23343,,-400,2011-10-26 14:14:00,0.0,,United Kingdom
572893,21208,PASTEL COLOUR HONEYCOMB FAN,5,2011-10-26 14:36:00,0.0,18059.0,United Kingdom
572898,22180,Unknown product,-15,2011-10-26 14:50:00,0.0,,United Kingdom
572919,72802C,check,-17,2011-10-26 16:49:00,0.0,,United Kingdom
572920,72803A,?,117,2011-10-26 16:52:00,0.0,,United Kingdom
572996,23462,damages,-34,2011-10-27 11:22:00,0.0,,United Kingdom
573107,21794,adjustment,10,2011-10-27 15:06:00,0.0,,United Kingdom
573114,20713,wrongly coded 23343,1000,2011-10-27 15:36:00,0.0,,United Kingdom
573115,23343,wrongly coded 20713,-1000,2011-10-27 15:37:00,0.0,,United Kingdom
573118,85032D,damaged,-1,2011-10-27 16:19:00,0.0,,United Kingdom
573120,72816,Unknown product,-1,2011-10-27 16:21:00,0.0,,United Kingdom
573169,35600A,Found by jackie,1,2011-10-28 09:56:00,0.0,,United Kingdom
573170,21174,found,71,2011-10-28 09:59:00,0.0,,United Kingdom
573254,85135C,Damages,-49,2011-10-28 12:18:00,0.0,,United Kingdom
573255,85135B,check,3,2011-10-28 12:18:00,0.0,,United Kingdom
573256,85135A,Unknown product,12,2011-10-28 12:19:00,0.0,,United Kingdom
573258,85136C,damages,-36,2011-10-28 12:19:00,0.0,,United Kingdom
573259,85136A,damages,-77,2011-10-28 12:20:00,0.0,,United Kingdom
573293,21181,adjustment,10,2011-10-28 15:14:00,0.0,,United Kingdom
573317,21804,Unknown product,-84,2011-10-28 18:09:00,0.0,,United Kingdom
573318,84944,Unknown product,-47,2011-10-28 18:11:00,0.0,,United Kingdom
573463,17012B,check,-70,2011-10-31 10:56:00,0.0,,United Kingdom
573482,21181,check,-54,2011-10-31 11:20:00,0.0,,United Kingdom
573487,23400,check,-19,2011-10-31 11:46:00,0.0,,United Kingdom
573488,23400,Unknown product,1,2011-10-31 11:47:00,0.0,,United Kingdom
573489,85035B,check,-36,2011-10-31 11:48:00,0.0,,United Kingdom
573490,85035A,CHECK,-59,2011-10-31 11:55:00,0.0,,United Kingdom
573491,21618,CHECK,-54,2011-10-31 11:56:00,0.0,,United Kingdom
573493,21619,check,-94,2011-10-31 11:57:00,0.0,,United Kingdom
573494,47503H,check,-24,2011-10-31 11:57:00,0.0,,United Kingdom
573495,22117,check,184,2011-10-31 11:58:00,0.0,,United Kingdom
573497,21642,check,-138,2011-10-31 12:00:00,0.0,,United Kingdom
573498,21636,check,-22,2011-10-31 12:00:00,0.0,,United Kingdom
573499,21192,check,-164,2011-10-31 12:01:00,0.0,,United Kingdom
573503,22595,check,-80,2011-10-31 12:03:00,0.0,,United Kingdom
573505,85208,check,-22,2011-10-31 12:09:00,0.0,,United Kingdom
573547,84818,damages,-70,2011-10-31 13:21:00,0.0,,United Kingdom
573590,79323G,"Unsaleable, destroyed.",-657,2011-10-31 15:15:00,0.0,,United Kingdom
573591,79323B,"Unsaleable, destroyed.",-1671,2011-10-31 15:15:00,0.0,,United Kingdom
573592,79323GR,"Unsaleable, destroyed.",-1158,2011-10-31 15:16:00,0.0,,United Kingdom
573593,79323LP,"Unsaleable, destroyed.",-2618,2011-10-31 15:16:00,0.0,,United Kingdom
573594,79323P,"Unsaleable, destroyed.",-2003,2011-10-31 15:16:00,0.0,,United Kingdom
573595,79323S,"Unsaleable, destroyed.",-674,2011-10-31 15:17:00,0.0,,United Kingdom
573596,79323W,"Unsaleable, destroyed.",-4830,2011-10-31 15:17:00,0.0,,United Kingdom
573597,79341,"Unsaleable, destroyed.",-905,2011-10-31 15:18:00,0.0,,United Kingdom
573598,79342B,"Unsaleable, destroyed.",-1128,2011-10-31 15:18:00,0.0,,United Kingdom
573664,21192,wrongly marked,48,2011-10-31 16:07:00,0.0,,United Kingdom
573670,22176,check,-28,2011-10-31 17:02:00,0.0,,United Kingdom
573672,22522,check,-126,2011-10-31 17:04:00,0.0,,United Kingdom
573726,72817,check,-67,2011-10-31 17:18:00,0.0,,United Kingdom
573734,72818,check,-26,2011-10-31 17:19:00,0.0,,United Kingdom
573751,46000U,check,10,2011-11-01 09:33:00,0.0,,United Kingdom
573752,46000S,dotcom sales,-90,2011-11-01 09:34:00,0.0,,United Kingdom
573815,20902,check,-3,2011-11-01 11:31:00,0.0,,United Kingdom
573816,20898,check,-10,2011-11-01 11:32:00,0.0,,United Kingdom
573880,22812,check,48,2011-11-01 13:21:00,0.0,,United Kingdom
573881,21098,had been put aside,108,2011-11-01 13:22:00,0.0,,United Kingdom
573882,23131,had been put aside,48,2011-11-01 13:23:00,0.0,,United Kingdom
573883,22121,had been put aside,32,2011-11-01 13:24:00,0.0,,United Kingdom
573884,22687,had been put aside,20,2011-11-01 13:25:00,0.0,,United Kingdom
573885,22689,had been put aside,40,2011-11-01 13:26:00,0.0,,United Kingdom
573919,21352,check,-23,2011-11-01 17:39:00,0.0,,United Kingdom
573920,84050,check,14,2011-11-01 18:00:00,0.0,,United Kingdom
573926,47503A,check,65,2011-11-02 09:52:00,0.0,,United Kingdom
573978,21644,check,27,2011-11-02 11:02:00,0.0,,United Kingdom
573979,35968,check,9,2011-11-02 11:02:00,0.0,,United Kingdom
573980,21539,check,4,2011-11-02 11:03:00,0.0,,United Kingdom
573981,21700,check,26,2011-11-02 11:05:00,0.0,,United Kingdom
573983,82600,check,3,2011-11-02 11:08:00,0.0,,United Kingdom
573984,16207A,check,2,2011-11-02 11:09:00,0.0,,United Kingdom
573985,22848,check,2,2011-11-02 11:09:00,0.0,,United Kingdom
573986,84659A,check,19,2011-11-02 11:13:00,0.0,,United Kingdom
573987,21349,check,1,2011-11-02 11:14:00,0.0,,United Kingdom
573988,22925,check,1,2011-11-02 11:14:00,0.0,,United Kingdom
573989,23091,check,2,2011-11-02 11:14:00,0.0,,United Kingdom
573990,22606,check,1,2011-11-02 11:18:00,0.0,,United Kingdom
573991,21804,check,36,2011-11-02 11:19:00,0.0,,United Kingdom
574073,23579,Unknown product,3,2011-11-02 15:15:00,0.0,,United Kingdom
574094,22147,check,-80,2011-11-03 09:46:00,0.0,,United Kingdom
574101,22180,Unknown product,1,2011-11-03 10:27:00,0.0,,United Kingdom
574123,22652,check,-111,2011-11-03 10:55:00,0.0,,United Kingdom
574133,21071,Unknown product,1,2011-11-03 11:00:00,0.0,,United Kingdom
574138,23234,BISCUIT TIN VINTAGE CHRISTMAS,216,2011-11-03 11:26:00,0.0,12415.0,Australia
574171,21818,check,-130,2011-11-03 11:45:00,0.0,,United Kingdom
574173,35923,check,-42,2011-11-03 11:46:00,0.0,,United Kingdom
574175,22065,CHRISTMAS PUDDING TRINKET POT,12,2011-11-03 11:47:00,0.0,14110.0,United Kingdom
574176,85054,check,-39,2011-11-03 11:48:00,0.0,,United Kingdom
574198,21159,damaged,-40,2011-11-03 12:00:00,0.0,,United Kingdom
574252,M,Manual,1,2011-11-03 13:24:00,0.0,12437.0,France
574257,72818,Unknown product,-3,2011-11-03 13:46:00,0.0,,United Kingdom
574438,85054,found,27,2011-11-04 11:35:00,0.0,,United Kingdom
574469,22385,JUMBO BAG SPACEBOY DESIGN,12,2011-11-04 11:55:00,0.0,12431.0,Australia
574516,22162,Unknown product,-24,2011-11-04 13:38:00,0.0,,United Kingdom
574518,21174,Unknown product,63,2011-11-04 13:42:00,0.0,,United Kingdom
574520,21181,Unknown product,-6,2011-11-04 13:44:00,0.0,,United Kingdom
574577,21519,check,-80,2011-11-04 17:09:00,0.0,,United Kingdom
574578,40001,check,-240,2011-11-04 17:09:00,0.0,,United Kingdom
574579,72802B,check,-203,2011-11-04 17:14:00,0.0,,United Kingdom
574580,20751,check,-35,2011-11-04 17:44:00,0.0,,United Kingdom
574581,23187,check,-62,2011-11-04 17:45:00,0.0,,United Kingdom
574582,84279P,check,-104,2011-11-04 17:46:00,0.0,,United Kingdom
574583,22892,check,-62,2011-11-04 17:46:00,0.0,,United Kingdom
574757,72802C,damages,-54,2011-11-07 10:08:00,0.0,,United Kingdom
574816,85036C,damages wax,-1560,2011-11-07 10:37:00,0.0,,United Kingdom
574822,85036B,damages wax,-1284,2011-11-07 10:38:00,0.0,,United Kingdom
574879,22625,RED KITCHEN SCALES,2,2011-11-07 13:22:00,0.0,13014.0,United Kingdom
574904,85017B,Unknown product,11,2011-11-07 15:28:00,0.0,,United Kingdom
574905,85017B,Unknown product,-22,2011-11-07 15:28:00,0.0,,United Kingdom
574906,85034A,damaged,-81,2011-11-07 15:30:00,0.0,,United Kingdom
574920,22899,CHILDREN'S APRON DOLLY GIRL,1,2011-11-07 16:34:00,0.0,13985.0,United Kingdom
574920,23480,MINI LIGHTS WOODLAND MUSHROOMS,1,2011-11-07 16:34:00,0.0,13985.0,United Kingdom
575048,84665,water damaged,-15,2011-11-08 12:12:00,0.0,,United Kingdom
575175,84279P,found,84,2011-11-08 18:07:00,0.0,,United Kingdom
575287,84508A,check,-39,2011-11-09 12:15:00,0.0,,United Kingdom
575386,20977,Unknown product,-16,2011-11-09 15:22:00,0.0,,United Kingdom
575503,35933,Unknown product,-2,2011-11-10 10:19:00,0.0,,United Kingdom
575505,POST,Unknown product,800,2011-11-10 10:29:00,0.0,,United Kingdom
575506,C2,Unknown product,150,2011-11-10 10:30:00,0.0,,United Kingdom
575513,35965,Unknown product,7,2011-11-10 10:39:00,0.0,,United Kingdom
575518,10080,check,22,2011-11-10 10:53:00,0.0,,United Kingdom
575579,22437,SET OF 9 BLACK SKULL BALLOONS,20,2011-11-10 11:49:00,0.0,13081.0,United Kingdom
575579,22089,PAPER BUNTING VINTAGE PAISLEY,24,2011-11-10 11:49:00,0.0,13081.0,United Kingdom
575613,23118,check,-6,2011-11-10 12:47:00,0.0,,United Kingdom
575614,22121,check,-10,2011-11-10 12:48:00,0.0,,United Kingdom
575615,82582,??,-130,2011-11-10 12:51:00,0.0,,United Kingdom
575617,21014,check,-90,2011-11-10 12:53:00,0.0,,United Kingdom
575625,35972,check,-3,2011-11-10 13:20:00,0.0,,United Kingdom
575704,21843,smashed,-63,2011-11-10 17:00:00,0.0,,United Kingdom
575714,85125,check,-64,2011-11-10 17:55:00,0.0,,United Kingdom
575715,72802B,check,-36,2011-11-10 17:58:00,0.0,,United Kingdom
575716,72802C,check,-21,2011-11-10 18:00:00,0.0,,United Kingdom
575717,85175,check,-42,2011-11-10 18:02:00,0.0,,United Kingdom
575719,35954,check,24,2011-11-10 18:08:00,0.0,,United Kingdom
575720,21817,check,-8,2011-11-10 18:09:00,0.0,,United Kingdom
575721,22804,Wrongly mrked had 85123a in box,-256,2011-11-10 18:19:00,0.0,,United Kingdom
575722,85123A,wrongly marked carton 22804,-256,2011-11-10 18:20:00,0.0,,United Kingdom
575748,23298,SPOTTY BUNTING,1,2011-11-11 10:21:00,0.0,,United Kingdom
575907,22268,check,-10,2011-11-11 15:52:00,0.0,,United Kingdom
575909,20711,check,-220,2011-11-11 16:02:00,0.0,,United Kingdom
575912,22943,check,-7,2011-11-11 16:20:00,0.0,,United Kingdom
576109,21181,adjustment,180,2011-11-14 10:33:00,0.0,,United Kingdom
576110,35965,Unknown product,5,2011-11-14 10:33:00,0.0,,United Kingdom
576185,22575,missing?,-130,2011-11-14 11:25:00,0.0,,United Kingdom
576192,22827,Unknown product,4,2011-11-14 11:57:00,0.0,,United Kingdom
576193,22827,Unknown product,-8,2011-11-14 11:57:00,0.0,,United Kingdom
576250,71279,damages,-74,2011-11-14 13:50:00,0.0,,United Kingdom
576258,22812,Unknown product,11,2011-11-14 14:17:00,0.0,,United Kingdom
576299,21181,Unknown product,16,2011-11-14 14:38:00,0.0,,United Kingdom
576302,22812,Unknown product,46,2011-11-14 14:41:00,0.0,,United Kingdom
576336,21809,Unknown product,16,2011-11-14 15:26:00,0.0,,United Kingdom
576366,23072,damages,-50,2011-11-14 18:30:00,0.0,,United Kingdom
576367,23071,damages,-65,2011-11-14 18:31:00,0.0,,United Kingdom
576368,21135,wet rusty,-864,2011-11-14 18:33:00,0.0,,United Kingdom
576369,21135,wet rusty,-288,2011-11-14 18:35:00,0.0,,United Kingdom
576404,22687,Unknown product,18,2011-11-15 11:09:00,0.0,,United Kingdom
576407,47590B,check,-57,2011-11-15 11:18:00,0.0,,United Kingdom
576410,71038,check,-16,2011-11-15 11:20:00,0.0,,United Kingdom
576411,85111,check,-117,2011-11-15 11:20:00,0.0,,United Kingdom
576413,17012C,check,-22,2011-11-15 11:21:00,0.0,,United Kingdom
576414,17012F,check,14,2011-11-15 11:21:00,0.0,,United Kingdom
576415,17012B,Unknown product,-2,2011-11-15 11:22:00,0.0,,United Kingdom
576419,85036B,check,-23,2011-11-15 11:23:00,0.0,,United Kingdom
576424,85036C,check,-4,2011-11-15 11:24:00,0.0,,United Kingdom
576426,21051,found,240,2011-11-15 11:24:00,0.0,,United Kingdom
576431,22688,Unknown product,15,2011-11-15 11:26:00,0.0,,United Kingdom
576436,22943,check,-26,2011-11-15 11:27:00,0.0,,United Kingdom
576473,21868,Unknown product,-108,2011-11-15 11:40:00,0.0,,United Kingdom
576509,21868,Unknown product,144,2011-11-15 12:03:00,0.0,,United Kingdom
576517,22121,Unknown product,17,2011-11-15 12:25:00,0.0,,United Kingdom
576547,21809,Unknown product,56,2011-11-15 12:54:00,0.0,,United Kingdom
576566,21830,Unknown product,-186,2011-11-15 13:39:00,0.0,,United Kingdom
576569,47504K,Unknown product,-21,2011-11-15 13:45:00,0.0,,United Kingdom
576578,22412,Unknown product,-37,2011-11-15 14:05:00,0.0,,United Kingdom
576580,22034,Unknown product,-5,2011-11-15 14:15:00,0.0,,United Kingdom
576585,84247E,Unknown product,22,2011-11-15 14:17:00,0.0,,United Kingdom
576594,21394,Unknown product,1,2011-11-15 14:55:00,0.0,,United Kingdom
576619,21054,Unknown product,1,2011-11-15 17:01:00,0.0,,United Kingdom
576620,16207A,Unknown product,1,2011-11-15 17:02:00,0.0,,United Kingdom
576632,21823,amazon adjust,10,2011-11-16 08:55:00,0.0,,United Kingdom
576643,85127,found,6,2011-11-16 10:00:00,0.0,,United Kingdom
576662,22570,Unknown product,1,2011-11-16 11:19:00,0.0,,United Kingdom
576673,22548,adjustment,4,2011-11-16 11:59:00,0.0,,United Kingdom
576674,21823,damaged,-6,2011-11-16 12:00:00,0.0,,United Kingdom
576675,37327,adjustment,3,2011-11-16 12:01:00,0.0,,United Kingdom
576762,21744,check,-21,2011-11-16 13:08:00,0.0,,United Kingdom
576763,23035,check,-64,2011-11-16 13:09:00,0.0,,United Kingdom
576764,16008,check,-1510,2011-11-16 13:10:00,0.0,,United Kingdom
576765,22219,???lost,-550,2011-11-16 13:11:00,0.0,,United Kingdom
576766,85019B,check,15,2011-11-16 13:11:00,0.0,,United Kingdom
576767,22339,check,-60,2011-11-16 13:12:00,0.0,,United Kingdom
576773,22181,check,-92,2011-11-16 13:21:00,0.0,,United Kingdom
576776,21811,check,-240,2011-11-16 13:22:00,0.0,,United Kingdom
576777,22121,Unknown product,4,2011-11-16 13:23:00,0.0,,United Kingdom
576835,21618,Unknown product,-2,2011-11-16 15:10:00,0.0,,United Kingdom
576839,35818B,adjustment,-22,2011-11-16 15:21:00,0.0,,United Kingdom
576843,10133,damaged,-82,2011-11-16 15:32:00,0.0,,United Kingdom
577037,72817,dotcomstock,4,2011-11-17 13:27:00,0.0,,United Kingdom
577102,21915,John Lewis,200,2011-11-17 17:01:00,0.0,,United Kingdom
577111,22587,check,-41,2011-11-17 17:55:00,0.0,,United Kingdom
577112,22586,check,-30,2011-11-17 17:55:00,0.0,,United Kingdom
577113,22271,check,-43,2011-11-17 17:58:00,0.0,,United Kingdom
577114,21786,check,-209,2011-11-17 17:59:00,0.0,,United Kingdom
577115,85035C,check,-24,2011-11-17 18:02:00,0.0,,United Kingdom
577116,21165,check,-28,2011-11-17 18:04:00,0.0,,United Kingdom
577117,22149,check,34,2011-11-17 18:04:00,0.0,,United Kingdom
577118,22286,check,-47,2011-11-17 18:05:00,0.0,,United Kingdom
577119,22778,check,-10,2011-11-17 18:08:00,0.0,,United Kingdom
577120,20752,check,-10,2011-11-17 18:09:00,0.0,,United Kingdom
577122,23348,sold with wrong barcode,-57,2011-11-17 18:33:00,0.0,,United Kingdom
577123,23288,check,-63,2011-11-17 18:34:00,0.0,,United Kingdom
577124,22759,check,-327,2011-11-17 18:41:00,0.0,,United Kingdom
577129,22464,HANGING METAL HEART LANTERN,4,2011-11-17 19:52:00,0.0,15602.0,United Kingdom
577144,22759,found,96,2011-11-18 09:35:00,0.0,,United Kingdom
577145,20832,check,110,2011-11-18 09:35:00,0.0,,United Kingdom
577168,M,Manual,1,2011-11-18 10:42:00,0.0,12603.0,Germany
577251,72802C,Unknown product,1,2011-11-18 12:18:00,0.0,,United Kingdom
577263,47503H,found,66,2011-11-18 12:31:00,0.0,,United Kingdom
577264,85125,Unknown product,3,2011-11-18 12:32:00,0.0,,United Kingdom
577265,23268,Unknown product,2,2011-11-18 12:33:00,0.0,,United Kingdom
577304,20956,check,-152,2011-11-18 13:04:00,0.0,,United Kingdom
577305,22946,check,-21,2011-11-18 13:06:00,0.0,,United Kingdom
577306,72817,Unknown product,12,2011-11-18 13:06:00,0.0,,United Kingdom
577307,16169E,check,-313,2011-11-18 13:06:00,0.0,,United Kingdom
577314,23407,SET OF 2 TRAYS HOME SWEET HOME,2,2011-11-18 13:23:00,0.0,12444.0,Norway
577339,15060B,Unknown product,9,2011-11-18 14:57:00,0.0,,United Kingdom
577340,22570,Unknown product,40,2011-11-18 14:57:00,0.0,,United Kingdom
577608,35400,Unknown product,5,2011-11-21 09:22:00,0.0,,United Kingdom
577611,23118,dotcom adjust,10,2011-11-21 09:59:00,0.0,,United Kingdom
577612,21181,dotcom,20,2011-11-21 09:59:00,0.0,,United Kingdom
577696,M,Manual,1,2011-11-21 11:57:00,0.0,16406.0,United Kingdom
577787,23055,rusty thrown away,-398,2011-11-21 16:28:00,0.0,,United Kingdom
577788,23056,rusty throw away,-210,2011-11-21 16:28:00,0.0,,United Kingdom
577789,23057,rusty throw away,-280,2011-11-21 16:28:00,0.0,,United Kingdom
577829,85231G,amazon,1,2011-11-22 09:55:00,0.0,,United Kingdom
577836,21888,check,-57,2011-11-22 10:26:00,0.0,,United Kingdom
577942,21811,check,26,2011-11-22 12:08:00,0.0,,United Kingdom
577944,47503A,check,56,2011-11-22 12:08:00,0.0,,United Kingdom
577947,21992,check,13,2011-11-22 12:08:00,0.0,,United Kingdom
577949,21804,check,44,2011-11-22 12:09:00,0.0,,United Kingdom
577953,23348,check,5,2011-11-22 12:09:00,0.0,,United Kingdom
577954,17136A,check,3,2011-11-22 12:10:00,0.0,,United Kingdom
577956,21145,Unknown product,3,2011-11-22 12:10:00,0.0,,United Kingdom
577959,85107,check?,374,2011-11-22 12:11:00,0.0,,United Kingdom
577961,23268,Unknown product,2,2011-11-22 12:11:00,0.0,,United Kingdom
577964,37489A,Unknown product,2,2011-11-22 12:11:00,0.0,,United Kingdom
577966,85045,Unknown product,2,2011-11-22 12:12:00,0.0,,United Kingdom
577968,85135B,Unknown product,2,2011-11-22 12:12:00,0.0,,United Kingdom
577970,85135A,Unknown product,4,2011-11-22 12:12:00,0.0,,United Kingdom
577971,22606,Unknown product,1,2011-11-22 12:12:00,0.0,,United Kingdom
577972,84663A,Unknown product,1,2011-11-22 12:13:00,0.0,,United Kingdom
577999,21018,damaged,-63,2011-11-22 12:29:00,0.0,,United Kingdom
578095,23397,damaged,-9,2011-11-22 17:25:00,0.0,,United Kingdom
578145,22579,dotcom,-40,2011-11-23 11:07:00,0.0,,United Kingdom
578245,22568,?? missing,-170,2011-11-23 12:37:00,0.0,,United Kingdom
578327,72807A,wet pallet,-504,2011-11-23 17:55:00,0.0,,United Kingdom
578328,72807B,wet pallet,-696,2011-11-23 17:55:00,0.0,,United Kingdom
578329,72807C,wet pallet,-408,2011-11-23 17:56:00,0.0,,United Kingdom
578336,23579,Unknown product,1,2011-11-24 09:06:00,0.0,,United Kingdom
578337,23348,Unknown product,1,2011-11-24 09:07:00,0.0,,United Kingdom
578338,22125,Unknown product,1,2011-11-24 09:07:00,0.0,,United Kingdom
578340,22568,Unknown product,8,2011-11-24 09:07:00,0.0,,United Kingdom
578360,84971L,Unknown product,2,2011-11-24 10:36:00,0.0,,United Kingdom
578374,21937,found,50,2011-11-24 11:21:00,0.0,,United Kingdom
578426,23131,Unknown product,-12,2011-11-24 12:03:00,0.0,,United Kingdom
578431,22579,Unknown product,-18,2011-11-24 12:15:00,0.0,,United Kingdom
578456,22579,Unknown product,11,2011-11-24 12:29:00,0.0,,United Kingdom
578473,72807B,damages,-101,2011-11-24 12:43:00,0.0,,United Kingdom
578474,72807A,damages,-56,2011-11-24 12:44:00,0.0,,United Kingdom
578475,72807C,damages,-149,2011-11-24 12:44:00,0.0,,United Kingdom
578476,72807B,????missing,-124,2011-11-24 12:45:00,0.0,,United Kingdom
578477,72807A,???missing,-224,2011-11-24 12:45:00,0.0,,United Kingdom
578478,72807C,???missing,-428,2011-11-24 12:45:00,0.0,,United Kingdom
578524,22810,check,-25,2011-11-24 14:20:00,0.0,,United Kingdom
578525,22152,check,-179,2011-11-24 14:21:00,0.0,,United Kingdom
578527,21819,check,-14,2011-11-24 14:24:00,0.0,,United Kingdom
578528,22601,check,-20,2011-11-24 14:24:00,0.0,,United Kingdom
578529,22087,Unknown product,-23,2011-11-24 14:29:00,0.0,,United Kingdom
578628,23541,Unknown product,20,2011-11-24 15:55:00,0.0,,United Kingdom
578629,22943,Unknown product,24,2011-11-24 15:56:00,0.0,,United Kingdom
578632,22579,Unknown product,4,2011-11-24 16:22:00,0.0,,United Kingdom
578691,85034A,check,24,2011-11-25 09:37:00,0.0,,United Kingdom
578692,23157,check,212,2011-11-25 09:38:00,0.0,,United Kingdom
578693,21811,Unknown product,1,2011-11-25 09:38:00,0.0,,United Kingdom
578700,72807A,AMAZON,1,2011-11-25 10:49:00,0.0,,United Kingdom
578733,21643,damaged,-9,2011-11-25 11:32:00,0.0,,United Kingdom
578738,21638,Unknown product,-33,2011-11-25 11:33:00,0.0,,United Kingdom
578837,35833P,check,-24,2011-11-25 15:51:00,0.0,,United Kingdom
578838,21591,check,-267,2011-11-25 15:52:00,0.0,,United Kingdom
578839,22959,check,-175,2011-11-25 15:52:00,0.0,,United Kingdom
578840,22142,check,-70,2011-11-25 15:54:00,0.0,,United Kingdom
578841,84826,ASSTD DESIGN 3D PAPER STICKERS,12540,2011-11-25 15:57:00,0.0,13256.0,United Kingdom
578930,22848,AMAZON,1,2011-11-27 12:39:00,0.0,,United Kingdom
579272,22812,Unknown product,2,2011-11-29 10:00:00,0.0,,United Kingdom
579275,22176,amazon,1,2011-11-29 10:02:00,0.0,,United Kingdom
579429,20711,lost in space,-98,2011-11-29 13:04:00,0.0,,United Kingdom
579460,21110,Unknown product,-151,2011-11-29 14:39:00,0.0,,United Kingdom
579500,22810,Unknown product,33,2011-11-29 16:14:00,0.0,,United Kingdom
579563,85135C,found,36,2011-11-30 11:41:00,0.0,,United Kingdom
579680,22533,check,60,2011-11-30 13:29:00,0.0,,United Kingdom
579681,21615,check,-26,2011-11-30 13:33:00,0.0,,United Kingdom
579682,85172,check,-145,2011-11-30 13:33:00,0.0,,United Kingdom
579683,21868,check,-28,2011-11-30 13:35:00,0.0,,United Kingdom
579688,21116,Unknown product,-33,2011-11-30 13:51:00,0.0,,United Kingdom
579691,47503A,Unknown product,-5,2011-11-30 14:05:00,0.0,,United Kingdom
579731,35648,check,-46,2011-11-30 14:23:00,0.0,,United Kingdom
579732,35648,check,-10,2011-11-30 14:24:00,0.0,,United Kingdom
579733,84581,check,-41,2011-11-30 14:24:00,0.0,,United Kingdom
579734,84859C,wet?,-153,2011-11-30 14:25:00,0.0,,United Kingdom
579735,21793,check,-40,2011-11-30 14:25:00,0.0,,United Kingdom
579738,21927,Unknown product,8,2011-11-30 14:26:00,0.0,,United Kingdom
579742,85204,lost??,-1131,2011-11-30 14:34:00,0.0,,United Kingdom
579743,21810,check,-135,2011-11-30 14:36:00,0.0,,United Kingdom
579745,22043,check,-40,2011-11-30 14:39:00,0.0,,United Kingdom
579755,84912B,damaged,-14,2011-11-30 14:54:00,0.0,,United Kingdom
579873,35819B,check,18,2011-11-30 17:00:00,0.0,,United Kingdom
579879,22759,check,17,2011-11-30 17:13:00,0.0,,United Kingdom
579880,22947,Unknown product,5,2011-11-30 17:14:00,0.0,,United Kingdom
580087,84341B,Unknown product,-2,2011-12-01 14:27:00,0.0,,United Kingdom
580145,22925,AMAZON,1,2011-12-02 10:03:00,0.0,,United Kingdom
580197,22696,Unknown product,6,2011-12-02 12:04:00,0.0,,United Kingdom
580218,22577,check,-300,2011-12-02 12:12:00,0.0,,United Kingdom
580359,20775,Unknown product,-35,2011-12-02 16:11:00,0.0,,United Kingdom
580366,22923,FRIDGE MAGNETS LES ENFANTS ASSORTED,6,2011-12-02 16:38:00,0.0,,United Kingdom
580366,23169,CLASSIC GLASS COOKIE JAR,6,2011-12-02 16:38:00,0.0,,United Kingdom
580366,DOT,DOTCOM POSTAGE,1,2011-12-02 16:38:00,0.0,,United Kingdom
580376,22606,check,8,2011-12-02 17:49:00,0.0,,United Kingdom
580377,84609,damages,-29,2011-12-02 17:52:00,0.0,,United Kingdom
580378,22792,damages,-73,2011-12-02 17:56:00,0.0,,United Kingdom
580379,72225C,Unknown product,-144,2011-12-02 17:57:00,0.0,,United Kingdom
580380,21620,check,-20,2011-12-02 17:58:00,0.0,,United Kingdom
580381,21758,Unknown product,-9,2011-12-02 17:58:00,0.0,,United Kingdom
580382,16045,check,-900,2011-12-02 17:59:00,0.0,,United Kingdom
580383,20652,check,-37,2011-12-02 17:59:00,0.0,,United Kingdom
580390,21888,Amazon,1,2011-12-04 10:37:00,0.0,,United Kingdom
580391,21868,Amazon,1,2011-12-04 10:42:00,0.0,,United Kingdom
580546,23406,CHECK,-21,2011-12-05 09:27:00,0.0,,United Kingdom
580547,21201,???,-390,2011-12-05 09:29:00,0.0,,United Kingdom
580549,84876B,found,66,2011-12-05 09:54:00,0.0,,United Kingdom
580561,22043,dotcom,-9,2011-12-05 10:25:00,0.0,,United Kingdom
580580,21804,Unknown product,10,2011-12-05 10:33:00,0.0,,United Kingdom
580586,21804,dotcom,4,2011-12-05 10:34:00,0.0,,United Kingdom
580588,21808,Unknown product,5,2011-12-05 10:35:00,0.0,,United Kingdom
580609,22927,Amazon,1,2011-12-05 11:41:00,0.0,,United Kingdom
580743,47591B,Unknown product,1,2011-12-06 09:30:00,0.0,,United Kingdom
580990,21109,wet,-48,2011-12-06 16:54:00,0.0,,United Kingdom
580991,22481,wet boxes,-288,2011-12-06 16:55:00,0.0,,United Kingdom
581102,21803,Unknown product,20,2011-12-07 11:57:00,0.0,,United Kingdom
581103,22689,Unknown product,4,2011-12-07 11:58:00,0.0,,United Kingdom
581190,84801A,check,-102,2011-12-07 16:55:00,0.0,,United Kingdom
581198,22025,check,-30,2011-12-07 18:26:00,0.0,,United Kingdom
581199,84581,Unknown product,-2,2011-12-07 18:26:00,0.0,,United Kingdom
581200,84508C,check,-21,2011-12-07 18:27:00,0.0,,United Kingdom
581201,22217,damages?,-155,2011-12-07 18:30:00,0.0,,United Kingdom
581202,23404,check,41,2011-12-07 18:30:00,0.0,,United Kingdom
581203,23406,Unknown product,15,2011-12-07 18:31:00,0.0,,United Kingdom
581204,85104,????damages????,-355,2011-12-07 18:32:00,0.0,,United Kingdom
581205,20893,damages,-55,2011-12-07 18:32:00,0.0,,United Kingdom
581206,21693,mixed up,-87,2011-12-07 18:34:00,0.0,,United Kingdom
581207,21688,mixed up,-337,2011-12-07 18:34:00,0.0,,United Kingdom
581208,72801C,check,-10,2011-12-07 18:35:00,0.0,,United Kingdom
581209,21620,Unknown product,6,2011-12-07 18:35:00,0.0,,United Kingdom
581210,23395,check,-26,2011-12-07 18:36:00,0.0,,United Kingdom
581211,22142,check,14,2011-12-07 18:36:00,0.0,,United Kingdom
581212,22578,lost,-1050,2011-12-07 18:38:00,0.0,,United Kingdom
581213,22576,check,-30,2011-12-07 18:38:00,0.0,,United Kingdom
581226,23090,missing,-338,2011-12-08 09:56:00,0.0,,United Kingdom
581234,72817,Unknown product,27,2011-12-08 10:33:00,0.0,,United Kingdom
581406,46000M,POLYESTER FILLER PAD 45x45cm,240,2011-12-08 13:58:00,0.0,,United Kingdom
581406,46000S,POLYESTER FILLER PAD 40x40cm,300,2011-12-08 13:58:00,0.0,,United Kingdom
581408,85175,Unknown product,20,2011-12-08 14:06:00,0.0,,United Kingdom
581422,23169,smashed,-235,2011-12-08 15:24:00,0.0,,United Kingdom
